"seq ID","A1","R1","R2","R3","R4","R5","N1"
"1","1","1","2","2","1","1","N1=2,N2=2,N3=1,N4=2,N5=2,N6=2,N7=2,N8=2,N9=2,N10=2,N11=2,N12=1,N13=1,N14=2,N15=1,N16=1,N17=2"
"1","1","1","2","2","1","1","N1=1,N2=2,N3=1,N4=1,N5=1,N6=1,N7=1,N8=2,N9=1,N10=2,N11=1,N12=1,N13=1,N14=2,N15=1,N16=2,N17=2"
"1","1","1","2","2","1","1","N1=2,N2=2,N3=2,N4=2,N5=1,N6=1,N7=1,N8=2,N9=2,N10=2,N11=1,N12=2,N13=1,N14=1,N15=1,N16=2,N17=2"
"1","1","1","2","2","1","1","N1=2,N2=2,N3=2,N4=2,N5=2,N6=2,N7=1,N8=2,N9=1,N10=2,N11=2,N12=2,N13=2,N14=2,N15=2,N16=1,N17=2"
"1","1","1","2","2","1","1","N1=1,N2=1,N3=1,N4=1,N5=1,N6=2,N7=1,N8=2,N9=2,N10=2,N11=2,N12=2,N13=1,N14=2,N15=1,N16=2,N17=1"
"1","1","1","2","2","1","1","N1=1,N2=2,N3=1,N4=2,N5=2,N6=2,N7=1,N8=2,N9=1,N10=1,N11=2,N12=1,N13=2,N14=2,N15=2,N16=1,N17=2"
"1","1","1","2","2","1","1","N1=1,N2=1,N3=2,N4=2,N5=2,N6=1,N7=1,N8=2,N9=1,N10=1,N11=2,N12=1,N13=1,N14=2,N15=1,N16=2,N17=1"
"1","1","1","2","2","1","1","N1=2,N2=2,N3=1,N4=1,N5=1,N6=2,N7=1,N8=1,N9=2,N10=1,N11=2,N12=2,N13=1,N14=1,N15=2,N16=2,N17=1"
"1","1","1","2","2","1","1","N1=2,N2=2,N3=1,N4=2,N5=1,N6=1,N7=1,N8=1,N9=1,N10=2,N11=1,N12=2,N13=1,N14=2,N15=2,N16=2,N17=1"
"1","1","1","2","2","1","1","N1=2,N2=1,N3=2,N4=1,N5=2,N6=2,N7=1,N8=2,N9=1,N10=2,N11=2,N12=2,N13=1,N14=2,N15=2,N16=1,N17=1"
"2","1","2","1","1","1","1","N1=1,N2=2,N3=1,N4=2,N5=2,N6=2,N7=1,N8=2,N9=2,N10=1,N11=1,N12=2,N13=1,N14=1,N15=1,N16=1,N17=1"
"2","1","2","1","1","1","1","N1=1,N2=1,N3=2,N4=1,N5=1,N6=2,N7=1,N8=2,N9=2,N10=1,N11=1,N12=2,N13=2,N14=1,N15=2,N16=2,N17=1"
"2","1","2","1","1","1","1","N1=1,N2=1,N3=2,N4=1,N5=2,N6=2,N7=1,N8=1,N9=2,N10=1,N11=2,N12=2,N13=1,N14=2,N15=1,N16=1,N17=2"
"2","1","2","1","1","1","1","N1=2,N2=1,N3=1,N4=1,N5=1,N6=1,N7=2,N8=2,N9=1,N10=2,N11=2,N12=2,N13=2,N14=2,N15=1,N16=2,N17=1"
"2","1","2","1","1","1","1","N1=2,N2=1,N3=1,N4=2,N5=2,N6=2,N7=1,N8=1,N9=1,N10=1,N11=2,N12=2,N13=2,N14=1,N15=1,N16=1,N17=2"
"2","1","2","1","1","1","1","N1=1,N2=2,N3=2,N4=2,N5=1,N6=2,N7=2,N8=2,N9=2,N10=2,N11=2,N12=1,N13=1,N14=1,N15=2,N16=2,N17=1"
"2","1","2","1","1","1","1","N1=1,N2=2,N3=2,N4=1,N5=2,N6=1,N7=1,N8=1,N9=2,N10=2,N11=1,N12=1,N13=1,N14=2,N15=2,N16=1,N17=1"
"2","1","2","1","1","1","1","N1=2,N2=2,N3=1,N4=2,N5=1,N6=1,N7=1,N8=1,N9=2,N10=2,N11=2,N12=2,N13=2,N14=2,N15=2,N16=2,N17=2"
"2","1","2","1","1","1","1","N1=2,N2=1,N3=2,N4=2,N5=2,N6=1,N7=1,N8=1,N9=2,N10=2,N11=2,N12=2,N13=2,N14=2,N15=1,N16=1,N17=1"
"2","1","2","1","1","1","1","N1=1,N2=2,N3=1,N4=2,N5=2,N6=1,N7=2,N8=2,N9=1,N10=2,N11=2,N12=2,N13=1,N14=2,N15=2,N16=2,N17=2"
"3","1","1","2","2","1","1","N1=1,N2=2,N3=2,N4=2,N5=2,N6=2,N7=1,N8=2,N9=1,N10=1,N11=1,N12=2,N13=2,N14=2,N15=1,N16=1,N17=1"
"3","1","1","2","2","1","1","N1=1,N2=1,N3=2,N4=2,N5=1,N6=2,N7=1,N8=1,N9=2,N10=2,N11=2,N12=2,N13=1,N14=2,N15=1,N16=2,N17=2"
"3","1","1","2","2","1","1","N1=2,N2=2,N3=2,N4=2,N5=1,N6=2,N7=1,N8=1,N9=1,N10=2,N11=2,N12=2,N13=2,N14=2,N15=1,N16=2,N17=1"
"3","1","1","2","2","1","1","N1=2,N2=2,N3=2,N4=1,N5=2,N6=1,N7=1,N8=1,N9=2,N10=2,N11=1,N12=1,N13=1,N14=2,N15=2,N16=1,N17=2"
"3","1","1","2","2","1","1","N1=2,N2=2,N3=1,N4=1,N5=1,N6=2,N7=1,N8=1,N9=1,N10=2,N11=1,N12=1,N13=1,N14=2,N15=2,N16=2,N17=2"
"3","1","1","2","2","1","1","N1=2,N2=2,N3=2,N4=2,N5=2,N6=2,N7=1,N8=1,N9=1,N10=2,N11=2,N12=2,N13=2,N14=2,N15=1,N16=1,N17=2"
"3","1","1","2","2","1","1","N1=1,N2=1,N3=1,N4=2,N5=1,N6=1,N7=1,N8=2,N9=2,N10=2,N11=1,N12=1,N13=1,N14=2,N15=1,N16=2,N17=2"
"3","1","1","2","2","1","1","N1=2,N2=2,N3=2,N4=1,N5=1,N6=2,N7=2,N8=2,N9=2,N10=1,N11=1,N12=2,N13=2,N14=1,N15=1,N16=2,N17=1"
"3","1","1","2","2","1","1","N1=2,N2=2,N3=2,N4=2,N5=1,N6=1,N7=1,N8=2,N9=2,N10=1,N11=2,N12=1,N13=1,N14=2,N15=2,N16=2,N17=2"
"3","1","1","2","2","1","1","N1=2,N2=2,N3=2,N4=2,N5=2,N6=1,N7=1,N8=2,N9=1,N10=2,N11=1,N12=2,N13=2,N14=1,N15=1,N16=2,N17=2"
"4","1","1","2","1","1","2","N1=1,N2=2,N3=2,N4=2,N5=2,N6=2,N7=2,N8=1,N9=1,N10=2,N11=1,N12=2,N13=2,N14=2,N15=1,N16=1,N17=2"
"4","1","1","2","1","1","2","N1=2,N2=2,N3=2,N4=2,N5=1,N6=2,N7=2,N8=2,N9=1,N10=2,N11=2,N12=1,N13=1,N14=2,N15=2,N16=2,N17=2"
"4","1","1","2","1","1","2","N1=2,N2=2,N3=2,N4=1,N5=2,N6=1,N7=1,N8=1,N9=1,N10=2,N11=1,N12=1,N13=2,N14=2,N15=2,N16=1,N17=1"
"4","1","1","2","1","1","2","N1=1,N2=2,N3=1,N4=1,N5=1,N6=1,N7=1,N8=2,N9=2,N10=2,N11=1,N12=2,N13=1,N14=2,N15=1,N16=2,N17=1"
"4","1","1","2","1","1","2","N1=2,N2=1,N3=2,N4=1,N5=2,N6=2,N7=1,N8=2,N9=1,N10=1,N11=1,N12=2,N13=2,N14=1,N15=2,N16=2,N17=1"
"4","1","1","2","1","1","2","N1=2,N2=1,N3=2,N4=2,N5=1,N6=2,N7=1,N8=2,N9=1,N10=1,N11=2,N12=2,N13=2,N14=1,N15=1,N16=2,N17=2"
"4","1","1","2","1","1","2","N1=2,N2=2,N3=2,N4=1,N5=1,N6=2,N7=1,N8=2,N9=1,N10=1,N11=2,N12=1,N13=1,N14=1,N15=1,N16=2,N17=1"
"4","1","1","2","1","1","2","N1=2,N2=2,N3=2,N4=2,N5=2,N6=2,N7=2,N8=2,N9=2,N10=1,N11=1,N12=2,N13=1,N14=2,N15=2,N16=1,N17=2"
"4","1","1","2","1","1","2","N1=1,N2=2,N3=2,N4=2,N5=2,N6=1,N7=1,N8=2,N9=1,N10=2,N11=1,N12=1,N13=1,N14=2,N15=1,N16=2,N17=1"
"4","1","1","2","1","1","2","N1=2,N2=2,N3=2,N4=1,N5=1,N6=2,N7=1,N8=2,N9=2,N10=2,N11=2,N12=1,N13=2,N14=2,N15=2,N16=2,N17=2"
"5","1","1","2","2","1","1","N1=1,N2=2,N3=1,N4=2,N5=1,N6=2,N7=1,N8=1,N9=2,N10=1,N11=2,N12=1,N13=2,N14=2,N15=1,N16=1,N17=1"
"5","1","1","2","2","1","1","N1=1,N2=1,N3=2,N4=2,N5=2,N6=2,N7=1,N8=2,N9=2,N10=2,N11=2,N12=2,N13=2,N14=1,N15=2,N16=2,N17=2"
"5","1","1","2","2","1","1","N1=1,N2=1,N3=2,N4=1,N5=1,N6=2,N7=2,N8=2,N9=2,N10=1,N11=2,N12=1,N13=2,N14=1,N15=2,N16=2,N17=2"
"5","1","1","2","2","1","1","N1=1,N2=2,N3=2,N4=1,N5=2,N6=1,N7=1,N8=2,N9=1,N10=2,N11=2,N12=1,N13=1,N14=2,N15=1,N16=1,N17=1"
"5","1","1","2","2","1","1","N1=2,N2=2,N3=2,N4=2,N5=1,N6=2,N7=1,N8=1,N9=2,N10=2,N11=1,N12=2,N13=1,N14=2,N15=1,N16=2,N17=2"
"5","1","1","2","2","1","1","N1=2,N2=2,N3=2,N4=2,N5=1,N6=2,N7=2,N8=2,N9=2,N10=2,N11=2,N12=1,N13=2,N14=1,N15=2,N16=2,N17=2"
"5","1","1","2","2","1","1","N1=2,N2=2,N3=2,N4=1,N5=2,N6=1,N7=1,N8=2,N9=1,N10=1,N11=1,N12=2,N13=2,N14=2,N15=2,N16=1,N17=2"
"5","1","1","2","2","1","1","N1=2,N2=2,N3=1,N4=1,N5=2,N6=2,N7=1,N8=1,N9=2,N10=2,N11=1,N12=1,N13=1,N14=2,N15=2,N16=2,N17=2"
"5","1","1","2","2","1","1","N1=2,N2=1,N3=2,N4=2,N5=1,N6=2,N7=2,N8=1,N9=1,N10=2,N11=1,N12=2,N13=1,N14=1,N15=1,N16=2,N17=2"
"5","1","1","2","2","1","1","N1=2,N2=2,N3=1,N4=2,N5=2,N6=2,N7=1,N8=1,N9=1,N10=1,N11=1,N12=1,N13=2,N14=1,N15=2,N16=1,N17=1"
"6","1","2","2","1","2","2","N1=1,N2=2,N3=1,N4=1,N5=2,N6=1,N7=1,N8=2,N9=1,N10=1,N11=2,N12=2,N13=2,N14=2,N15=1,N16=1,N17=2"
"6","1","2","2","1","2","2","N1=1,N2=1,N3=2,N4=1,N5=1,N6=1,N7=1,N8=2,N9=2,N10=2,N11=1,N12=2,N13=1,N14=1,N15=1,N16=1,N17=2"
"6","1","2","2","1","2","2","N1=2,N2=2,N3=1,N4=1,N5=2,N6=1,N7=1,N8=2,N9=1,N10=1,N11=2,N12=2,N13=2,N14=1,N15=1,N16=2,N17=1"
"6","1","2","2","1","2","2","N1=2,N2=1,N3=2,N4=2,N5=2,N6=2,N7=1,N8=1,N9=1,N10=1,N11=2,N12=2,N13=1,N14=2,N15=1,N16=1,N17=1"
"6","1","2","2","1","2","2","N1=1,N2=2,N3=2,N4=1,N5=1,N6=2,N7=1,N8=1,N9=2,N10=2,N11=1,N12=2,N13=2,N14=1,N15=1,N16=2,N17=1"
"6","1","2","2","1","2","2","N1=1,N2=1,N3=2,N4=1,N5=2,N6=2,N7=1,N8=1,N9=1,N10=2,N11=1,N12=2,N13=1,N14=2,N15=2,N16=1,N17=1"
"6","1","2","2","1","2","2","N1=1,N2=2,N3=1,N4=1,N5=1,N6=2,N7=1,N8=2,N9=2,N10=1,N11=2,N12=2,N13=2,N14=1,N15=2,N16=2,N17=1"
"6","1","2","2","1","2","2","N1=1,N2=2,N3=2,N4=2,N5=1,N6=2,N7=1,N8=2,N9=1,N10=1,N11=2,N12=1,N13=2,N14=2,N15=1,N16=2,N17=2"
"6","1","2","2","1","2","2","N1=2,N2=1,N3=2,N4=1,N5=1,N6=2,N7=2,N8=2,N9=1,N10=2,N11=1,N12=2,N13=2,N14=1,N15=2,N16=2,N17=2"
"6","1","2","2","1","2","2","N1=2,N2=1,N3=1,N4=2,N5=2,N6=1,N7=1,N8=1,N9=1,N10=2,N11=2,N12=2,N13=2,N14=2,N15=1,N16=1,N17=2"
"7","1","2","1","1","2","1","N1=1,N2=2,N3=2,N4=1,N5=1,N6=1,N7=1,N8=2,N9=1,N10=1,N11=2,N12=2,N13=2,N14=1,N15=1,N16=1,N17=1"
"7","1","2","1","1","2","1","N1=2,N2=1,N3=1,N4=1,N5=2,N6=2,N7=1,N8=1,N9=2,N10=2,N11=1,N12=2,N13=1,N14=2,N15=2,N16=2,N17=1"
"7","1","2","1","1","2","1","N1=2,N2=1,N3=1,N4=2,N5=1,N6=1,N7=1,N8=1,N9=1,N10=2,N11=2,N12=2,N13=2,N14=1,N15=1,N16=2,N17=2"
"7","1","2","1","1","2","1","N1=2,N2=2,N3=2,N4=1,N5=2,N6=2,N7=1,N8=2,N9=2,N10=1,N11=2,N12=1,N13=1,N14=1,N15=1,N16=1,N17=1"
"7","1","2","1","1","2","1","N1=1,N2=2,N3=1,N4=1,N5=1,N6=2,N7=1,N8=1,N9=2,N10=2,N11=2,N12=1,N13=1,N14=2,N15=2,N16=2,N17=1"
"7","1","2","1","1","2","1","N1=1,N2=2,N3=2,N4=2,N5=2,N6=1,N7=1,N8=2,N9=1,N10=2,N11=2,N12=2,N13=2,N14=1,N15=2,N16=1,N17=2"
"7","1","2","1","1","2","1","N1=2,N2=2,N3=2,N4=1,N5=1,N6=2,N7=1,N8=1,N9=2,N10=2,N11=1,N12=2,N13=2,N14=1,N15=2,N16=1,N17=1"
"7","1","2","1","1","2","1","N1=2,N2=2,N3=1,N4=1,N5=1,N6=2,N7=2,N8=2,N9=2,N10=2,N11=2,N12=2,N13=2,N14=2,N15=1,N16=2,N17=1"
"7","1","2","1","1","2","1","N1=2,N2=1,N3=2,N4=2,N5=2,N6=1,N7=1,N8=2,N9=1,N10=1,N11=1,N12=2,N13=1,N14=1,N15=1,N16=1,N17=2"
"7","1","2","1","1","2","1","N1=1,N2=2,N3=2,N4=2,N5=1,N6=1,N7=2,N8=2,N9=1,N10=1,N11=1,N12=1,N13=1,N14=2,N15=1,N16=1,N17=1"
"8","1","1","1","2","2","1","N1=1,N2=2,N3=1,N4=1,N5=2,N6=1,N7=1,N8=2,N9=2,N10=2,N11=2,N12=2,N13=1,N14=2,N15=1,N16=1,N17=2"
"8","1","1","1","2","2","1","N1=2,N2=2,N3=2,N4=2,N5=1,N6=1,N7=2,N8=2,N9=2,N10=2,N11=2,N12=2,N13=1,N14=2,N15=1,N16=2,N17=1"
"8","1","1","1","2","2","1","N1=2,N2=2,N3=2,N4=1,N5=2,N6=1,N7=1,N8=2,N9=2,N10=2,N11=2,N12=2,N13=1,N14=2,N15=2,N16=1,N17=2"
"8","1","1","1","2","2","1","N1=2,N2=2,N3=1,N4=1,N5=2,N6=1,N7=1,N8=2,N9=1,N10=2,N11=1,N12=2,N13=1,N14=2,N15=2,N16=2,N17=2"
"8","1","1","1","2","2","1","N1=2,N2=1,N3=2,N4=2,N5=2,N6=2,N7=1,N8=1,N9=1,N10=2,N11=1,N12=2,N13=2,N14=1,N15=2,N16=2,N17=2"
"8","1","1","1","2","2","1","N1=2,N2=2,N3=2,N4=2,N5=1,N6=2,N7=1,N8=2,N9=1,N10=1,N11=1,N12=1,N13=1,N14=1,N15=2,N16=2,N17=1"
"8","1","1","1","2","2","1","N1=1,N2=1,N3=2,N4=1,N5=2,N6=2,N7=1,N8=2,N9=1,N10=2,N11=2,N12=1,N13=2,N14=1,N15=1,N16=2,N17=2"
"8","1","1","1","2","2","1","N1=1,N2=1,N3=2,N4=1,N5=1,N6=2,N7=1,N8=1,N9=1,N10=1,N11=2,N12=1,N13=1,N14=1,N15=1,N16=2,N17=1"
"8","1","1","1","2","2","1","N1=2,N2=1,N3=2,N4=1,N5=1,N6=2,N7=2,N8=1,N9=2,N10=1,N11=1,N12=1,N13=1,N14=2,N15=1,N16=2,N17=2"
"8","1","1","1","2","2","1","N1=2,N2=1,N3=2,N4=2,N5=1,N6=2,N7=1,N8=1,N9=1,N10=2,N11=1,N12=2,N13=2,N14=1,N15=1,N16=2,N17=2"
"9","1","1","1","2","1","1","N1=1,N2=2,N3=2,N4=2,N5=2,N6=1,N7=1,N8=2,N9=2,N10=2,N11=1,N12=2,N13=2,N14=2,N15=2,N16=1,N17=1"
"9","1","1","1","2","1","1","N1=2,N2=2,N3=1,N4=2,N5=1,N6=2,N7=1,N8=1,N9=2,N10=2,N11=1,N12=2,N13=2,N14=2,N15=2,N16=2,N17=1"
"9","1","1","1","2","1","1","N1=2,N2=2,N3=2,N4=1,N5=2,N6=2,N7=1,N8=1,N9=1,N10=1,N11=2,N12=1,N13=1,N14=1,N15=2,N16=2,N17=2"
"9","1","1","1","2","1","1","N1=2,N2=2,N3=2,N4=1,N5=2,N6=2,N7=2,N8=2,N9=1,N10=1,N11=1,N12=1,N13=1,N14=2,N15=1,N16=1,N17=2"
"9","1","1","1","2","1","1","N1=2,N2=2,N3=2,N4=1,N5=1,N6=1,N7=1,N8=1,N9=1,N10=1,N11=2,N12=2,N13=1,N14=1,N15=2,N16=1,N17=2"
"9","1","1","1","2","1","1","N1=2,N2=1,N3=1,N4=2,N5=2,N6=2,N7=1,N8=2,N9=1,N10=2,N11=2,N12=2,N13=1,N14=2,N15=1,N16=2,N17=2"
"9","1","1","1","2","1","1","N1=1,N2=2,N3=2,N4=1,N5=2,N6=2,N7=1,N8=1,N9=2,N10=1,N11=1,N12=2,N13=2,N14=2,N15=2,N16=1,N17=2"
"9","1","1","1","2","1","1","N1=2,N2=2,N3=1,N4=1,N5=1,N6=1,N7=2,N8=2,N9=1,N10=2,N11=1,N12=1,N13=1,N14=2,N15=1,N16=2,N17=1"
"9","1","1","1","2","1","1","N1=2,N2=2,N3=1,N4=2,N5=2,N6=2,N7=1,N8=1,N9=1,N10=2,N11=1,N12=2,N13=2,N14=1,N15=2,N16=2,N17=1"
"9","1","1","1","2","1","1","N1=2,N2=2,N3=2,N4=2,N5=1,N6=2,N7=1,N8=2,N9=1,N10=2,N11=1,N12=2,N13=2,N14=1,N15=1,N16=2,N17=1"
"10","1","1","1","2","2","1","N1=1,N2=1,N3=1,N4=2,N5=2,N6=2,N7=2,N8=1,N9=2,N10=2,N11=2,N12=1,N13=2,N14=2,N15=2,N16=1,N17=2"
"10","1","1","1","2","2","1","N1=1,N2=2,N3=1,N4=1,N5=1,N6=2,N7=1,N8=1,N9=1,N10=2,N11=1,N12=2,N13=1,N14=1,N15=2,N16=1,N17=1"
"10","1","1","1","2","2","1","N1=1,N2=2,N3=2,N4=2,N5=2,N6=2,N7=1,N8=2,N9=2,N10=1,N11=2,N12=1,N13=2,N14=2,N15=1,N16=2,N17=1"
"10","1","1","1","2","2","1","N1=1,N2=2,N3=2,N4=1,N5=1,N6=2,N7=1,N8=2,N9=2,N10=2,N11=2,N12=2,N13=1,N14=1,N15=1,N16=2,N17=2"
"10","1","1","1","2","2","1","N1=1,N2=2,N3=2,N4=2,N5=2,N6=2,N7=1,N8=2,N9=1,N10=1,N11=2,N12=2,N13=1,N14=2,N15=2,N16=1,N17=1"
"10","1","1","1","2","2","1","N1=1,N2=2,N3=1,N4=1,N5=1,N6=2,N7=1,N8=1,N9=2,N10=2,N11=1,N12=1,N13=1,N14=1,N15=2,N16=1,N17=2"
"10","1","1","1","2","2","1","N1=1,N2=2,N3=2,N4=2,N5=2,N6=2,N7=1,N8=2,N9=1,N10=2,N11=2,N12=2,N13=2,N14=2,N15=1,N16=2,N17=1"
"10","1","1","1","2","2","1","N1=2,N2=1,N3=2,N4=1,N5=1,N6=2,N7=1,N8=1,N9=2,N10=1,N11=1,N12=2,N13=2,N14=1,N15=2,N16=2,N17=1"
"10","1","1","1","2","2","1","N1=2,N2=1,N3=1,N4=2,N5=2,N6=1,N7=1,N8=2,N9=2,N10=2,N11=2,N12=1,N13=1,N14=2,N15=1,N16=1,N17=1"
"10","1","1","1","2","2","1","N1=2,N2=2,N3=2,N4=2,N5=1,N6=2,N7=1,N8=1,N9=1,N10=1,N11=2,N12=2,N13=2,N14=2,N15=1,N16=2,N17=2"
"11","1","1","1","2","2","2","N1=1,N2=2,N3=2,N4=1,N5=2,N6=1,N7=2,N8=1,N9=1,N10=2,N11=1,N12=2,N13=2,N14=1,N15=1,N16=1,N17=1"
"11","1","1","1","2","2","2","N1=2,N2=2,N3=2,N4=2,N5=1,N6=2,N7=1,N8=2,N9=2,N10=2,N11=2,N12=2,N13=2,N14=2,N15=2,N16=2,N17=2"
"11","1","1","1","2","2","2","N1=2,N2=2,N3=2,N4=2,N5=1,N6=2,N7=2,N8=1,N9=1,N10=2,N11=2,N12=2,N13=1,N14=2,N15=2,N16=2,N17=1"
"11","1","1","1","2","2","2","N1=2,N2=1,N3=1,N4=1,N5=1,N6=2,N7=1,N8=2,N9=2,N10=2,N11=2,N12=2,N13=1,N14=2,N15=2,N16=2,N17=1"
"11","1","1","1","2","2","2","N1=2,N2=1,N3=2,N4=2,N5=2,N6=2,N7=1,N8=2,N9=1,N10=1,N11=1,N12=2,N13=2,N14=2,N15=1,N16=1,N17=2"
"11","1","1","1","2","2","2","N1=1,N2=2,N3=1,N4=2,N5=1,N6=2,N7=1,N8=2,N9=2,N10=1,N11=2,N12=2,N13=1,N14=2,N15=2,N16=2,N17=2"
"11","1","1","1","2","2","2","N1=1,N2=2,N3=2,N4=1,N5=1,N6=2,N7=1,N8=2,N9=2,N10=2,N11=2,N12=2,N13=2,N14=1,N15=2,N16=2,N17=2"
"11","1","1","1","2","2","2","N1=1,N2=1,N3=2,N4=1,N5=2,N6=2,N7=1,N8=1,N9=1,N10=2,N11=2,N12=1,N13=1,N14=1,N15=2,N16=1,N17=1"
"11","1","1","1","2","2","2","N1=1,N2=1,N3=1,N4=1,N5=1,N6=1,N7=1,N8=1,N9=2,N10=2,N11=1,N12=1,N13=1,N14=2,N15=1,N16=2,N17=1"
"11","1","1","1","2","2","2","N1=2,N2=1,N3=1,N4=1,N5=1,N6=1,N7=1,N8=2,N9=1,N10=2,N11=2,N12=2,N13=2,N14=1,N15=1,N16=2,N17=2"
"12","1","2","2","2","1","1","N1=1,N2=2,N3=2,N4=1,N5=1,N6=2,N7=1,N8=2,N9=1,N10=2,N11=2,N12=2,N13=1,N14=2,N15=1,N16=1,N17=1"
"12","1","2","2","2","1","1","N1=1,N2=2,N3=1,N4=1,N5=2,N6=2,N7=1,N8=1,N9=2,N10=1,N11=1,N12=2,N13=2,N14=1,N15=2,N16=1,N17=1"
"12","1","2","2","2","1","1","N1=1,N2=2,N3=2,N4=2,N5=2,N6=2,N7=1,N8=1,N9=2,N10=1,N11=1,N12=2,N13=1,N14=2,N15=1,N16=2,N17=2"
"12","1","2","2","2","1","1","N1=2,N2=1,N3=2,N4=1,N5=1,N6=2,N7=1,N8=1,N9=1,N10=1,N11=1,N12=2,N13=1,N14=2,N15=2,N16=2,N17=2"
"12","1","2","2","2","1","1","N1=2,N2=1,N3=2,N4=2,N5=2,N6=1,N7=1,N8=1,N9=1,N10=2,N11=1,N12=2,N13=2,N14=1,N15=1,N16=2,N17=2"
"12","1","2","2","2","1","1","N1=2,N2=2,N3=2,N4=1,N5=1,N6=2,N7=1,N8=2,N9=1,N10=2,N11=2,N12=1,N13=1,N14=1,N15=2,N16=1,N17=2"
"12","1","2","2","2","1","1","N1=1,N2=1,N3=1,N4=2,N5=1,N6=2,N7=1,N8=2,N9=1,N10=2,N11=2,N12=2,N13=2,N14=2,N15=2,N16=2,N17=1"
"12","1","2","2","2","1","1","N1=1,N2=2,N3=2,N4=1,N5=2,N6=2,N7=1,N8=1,N9=1,N10=1,N11=1,N12=2,N13=1,N14=1,N15=1,N16=1,N17=2"
"12","1","2","2","2","1","1","N1=1,N2=2,N3=1,N4=1,N5=1,N6=1,N7=1,N8=1,N9=1,N10=2,N11=2,N12=2,N13=2,N14=2,N15=2,N16=1,N17=1"
"12","1","2","2","2","1","1","N1=2,N2=2,N3=2,N4=2,N5=2,N6=1,N7=1,N8=2,N9=1,N10=2,N11=1,N12=2,N13=1,N14=2,N15=2,N16=2,N17=2"
"13","1","2","1","1","1","2","N1=1,N2=1,N3=1,N4=1,N5=2,N6=1,N7=2,N8=2,N9=2,N10=2,N11=1,N12=2,N13=2,N14=1,N15=2,N16=1,N17=1"
"13","1","2","1","1","1","2","N1=1,N2=1,N3=2,N4=1,N5=1,N6=1,N7=2,N8=2,N9=2,N10=2,N11=1,N12=2,N13=1,N14=2,N15=1,N16=2,N17=1"
"13","1","2","1","1","1","2","N1=2,N2=1,N3=2,N4=2,N5=2,N6=1,N7=1,N8=2,N9=2,N10=1,N11=1,N12=2,N13=2,N14=2,N15=1,N16=1,N17=1"
"13","1","2","1","1","1","2","N1=2,N2=2,N3=1,N4=1,N5=1,N6=2,N7=1,N8=2,N9=2,N10=1,N11=1,N12=2,N13=2,N14=2,N15=1,N16=1,N17=1"
"13","1","2","1","1","1","2","N1=1,N2=2,N3=2,N4=2,N5=2,N6=2,N7=1,N8=1,N9=1,N10=1,N11=1,N12=2,N13=1,N14=1,N15=1,N16=2,N17=2"
"13","1","2","1","1","1","2","N1=2,N2=2,N3=1,N4=1,N5=1,N6=1,N7=1,N8=2,N9=1,N10=2,N11=1,N12=2,N13=2,N14=1,N15=2,N16=2,N17=1"
"13","1","2","1","1","1","2","N1=2,N2=1,N3=2,N4=2,N5=2,N6=2,N7=1,N8=1,N9=1,N10=2,N11=1,N12=2,N13=1,N14=2,N15=2,N16=1,N17=2"
"13","1","2","1","1","1","2","N1=1,N2=2,N3=2,N4=2,N5=1,N6=2,N7=1,N8=1,N9=2,N10=2,N11=2,N12=2,N13=1,N14=2,N15=1,N16=2,N17=2"
"13","1","2","1","1","1","2","N1=2,N2=2,N3=2,N4=1,N5=2,N6=2,N7=1,N8=2,N9=1,N10=1,N11=2,N12=2,N13=2,N14=2,N15=2,N16=1,N17=1"
"13","1","2","1","1","1","2","N1=1,N2=1,N3=1,N4=2,N5=1,N6=2,N7=1,N8=2,N9=2,N10=1,N11=1,N12=2,N13=1,N14=1,N15=2,N16=1,N17=1"
"14","1","2","1","1","2","1","N1=1,N2=2,N3=1,N4=1,N5=1,N6=2,N7=1,N8=2,N9=1,N10=2,N11=1,N12=2,N13=1,N14=1,N15=2,N16=1,N17=1"
"14","1","2","1","1","2","1","N1=1,N2=2,N3=2,N4=2,N5=2,N6=2,N7=1,N8=2,N9=2,N10=1,N11=2,N12=2,N13=1,N14=2,N15=1,N16=2,N17=1"
"14","1","2","1","1","2","1","N1=2,N2=1,N3=2,N4=1,N5=2,N6=2,N7=1,N8=1,N9=2,N10=1,N11=2,N12=1,N13=2,N14=1,N15=2,N16=2,N17=2"
"14","1","2","1","1","2","1","N1=2,N2=1,N3=2,N4=2,N5=2,N6=2,N7=1,N8=1,N9=1,N10=2,N11=2,N12=2,N13=2,N14=2,N15=2,N16=1,N17=2"
"14","1","2","1","1","2","1","N1=1,N2=2,N3=1,N4=2,N5=1,N6=1,N7=1,N8=1,N9=2,N10=2,N11=2,N12=2,N13=1,N14=1,N15=2,N16=1,N17=1"
"14","1","2","1","1","2","1","N1=2,N2=2,N3=2,N4=1,N5=2,N6=1,N7=2,N8=2,N9=1,N10=2,N11=2,N12=1,N13=2,N14=1,N15=2,N16=2,N17=2"
"14","1","2","1","1","2","1","N1=2,N2=2,N3=1,N4=2,N5=1,N6=2,N7=1,N8=2,N9=1,N10=2,N11=1,N12=1,N13=1,N14=2,N15=2,N16=2,N17=2"
"14","1","2","1","1","2","1","N1=2,N2=2,N3=2,N4=1,N5=1,N6=2,N7=1,N8=1,N9=1,N10=2,N11=2,N12=1,N13=2,N14=2,N15=2,N16=2,N17=1"
"14","1","2","1","1","2","1","N1=2,N2=1,N3=2,N4=2,N5=1,N6=2,N7=2,N8=2,N9=2,N10=2,N11=2,N12=2,N13=2,N14=2,N15=2,N16=2,N17=2"
"14","1","2","1","1","2","1","N1=2,N2=2,N3=2,N4=2,N5=2,N6=1,N7=2,N8=2,N9=1,N10=2,N11=1,N12=2,N13=1,N14=2,N15=1,N16=1,N17=2"
"15","1","1","2","1","1","2","N1=1,N2=2,N3=2,N4=2,N5=1,N6=2,N7=1,N8=2,N9=2,N10=2,N11=2,N12=2,N13=2,N14=2,N15=2,N16=1,N17=1"
"15","1","1","2","1","1","2","N1=1,N2=2,N3=1,N4=2,N5=2,N6=2,N7=1,N8=1,N9=1,N10=1,N11=2,N12=1,N13=1,N14=2,N15=2,N16=2,N17=1"
"15","1","1","2","1","1","2","N1=1,N2=2,N3=2,N4=1,N5=1,N6=2,N7=1,N8=2,N9=1,N10=2,N11=2,N12=2,N13=2,N14=2,N15=1,N16=2,N17=2"
"15","1","1","2","1","1","2","N1=2,N2=2,N3=2,N4=1,N5=1,N6=2,N7=1,N8=2,N9=1,N10=2,N11=2,N12=2,N13=2,N14=1,N15=1,N16=2,N17=2"
"15","1","1","2","1","1","2","N1=2,N2=2,N3=2,N4=2,N5=2,N6=2,N7=1,N8=1,N9=1,N10=1,N11=1,N12=2,N13=2,N14=1,N15=2,N16=1,N17=1"
"15","1","1","2","1","1","2","N1=1,N2=1,N3=1,N4=2,N5=1,N6=1,N7=1,N8=1,N9=1,N10=2,N11=2,N12=2,N13=1,N14=2,N15=2,N16=2,N17=1"
"15","1","1","2","1","1","2","N1=2,N2=2,N3=1,N4=1,N5=1,N6=1,N7=1,N8=1,N9=1,N10=2,N11=2,N12=2,N13=1,N14=1,N15=2,N16=2,N17=1"
"15","1","1","2","1","1","2","N1=2,N2=1,N3=2,N4=1,N5=2,N6=1,N7=1,N8=1,N9=1,N10=1,N11=1,N12=2,N13=1,N14=2,N15=2,N16=1,N17=2"
"15","1","1","2","1","1","2","N1=2,N2=1,N3=1,N4=2,N5=2,N6=1,N7=2,N8=1,N9=1,N10=2,N11=2,N12=2,N13=1,N14=1,N15=2,N16=2,N17=2"
"15","1","1","2","1","1","2","N1=2,N2=2,N3=1,N4=2,N5=1,N6=2,N7=2,N8=2,N9=2,N10=1,N11=2,N12=1,N13=2,N14=2,N15=2,N16=2,N17=2"
"16","1","2","2","1","2","2","N1=1,N2=2,N3=1,N4=2,N5=1,N6=1,N7=1,N8=2,N9=2,N10=2,N11=1,N12=2,N13=1,N14=2,N15=1,N16=1,N17=1"
"16","1","2","2","1","2","2","N1=2,N2=2,N3=2,N4=2,N5=2,N6=2,N7=1,N8=2,N9=1,N10=1,N11=1,N12=1,N13=1,N14=2,N15=2,N16=2,N17=2"
"16","1","2","2","1","2","2","N1=2,N2=2,N3=2,N4=2,N5=2,N6=2,N7=1,N8=2,N9=1,N10=2,N11=1,N12=1,N13=1,N14=1,N15=1,N16=1,N17=1"
"16","1","2","2","1","2","2","N1=1,N2=2,N3=1,N4=2,N5=2,N6=1,N7=1,N8=1,N9=1,N10=1,N11=1,N12=2,N13=2,N14=1,N15=1,N16=2,N17=2"
"16","1","2","2","1","2","2","N1=2,N2=2,N3=1,N4=1,N5=1,N6=2,N7=1,N8=2,N9=1,N10=1,N11=2,N12=1,N13=1,N14=1,N15=1,N16=2,N17=2"
"16","1","2","2","1","2","2","N1=2,N2=2,N3=2,N4=2,N5=2,N6=2,N7=1,N8=1,N9=2,N10=2,N11=1,N12=2,N13=1,N14=2,N15=1,N16=1,N17=1"
"16","1","2","2","1","2","2","N1=1,N2=1,N3=2,N4=1,N5=1,N6=2,N7=1,N8=1,N9=2,N10=2,N11=1,N12=2,N13=2,N14=2,N15=1,N16=1,N17=1"
"16","1","2","2","1","2","2","N1=1,N2=1,N3=1,N4=1,N5=2,N6=1,N7=2,N8=1,N9=2,N10=1,N11=2,N12=2,N13=1,N14=1,N15=1,N16=2,N17=1"
"16","1","2","2","1","2","2","N1=2,N2=1,N3=1,N4=1,N5=1,N6=2,N7=1,N8=1,N9=1,N10=1,N11=1,N12=2,N13=1,N14=2,N15=2,N16=2,N17=2"
"16","1","2","2","1","2","2","N1=2,N2=2,N3=2,N4=2,N5=2,N6=2,N7=1,N8=2,N9=1,N10=1,N11=2,N12=1,N13=1,N14=1,N15=1,N16=1,N17=2"
"17","1","2","1","2","2","2","N1=1,N2=2,N3=2,N4=1,N5=2,N6=2,N7=1,N8=2,N9=1,N10=2,N11=1,N12=2,N13=2,N14=1,N15=1,N16=1,N17=1"
"17","1","2","1","2","2","2","N1=2,N2=1,N3=1,N4=1,N5=1,N6=2,N7=1,N8=1,N9=1,N10=1,N11=1,N12=1,N13=1,N14=1,N15=2,N16=2,N17=1"
"17","1","2","1","2","2","2","N1=2,N2=2,N3=2,N4=2,N5=2,N6=2,N7=1,N8=2,N9=1,N10=1,N11=2,N12=1,N13=2,N14=2,N15=2,N16=1,N17=1"
"17","1","2","1","2","2","2","N1=1,N2=1,N3=1,N4=1,N5=1,N6=1,N7=1,N8=1,N9=2,N10=2,N11=2,N12=2,N13=1,N14=2,N15=2,N16=1,N17=1"
"17","1","2","1","2","2","2","N1=2,N2=1,N3=1,N4=1,N5=2,N6=2,N7=1,N8=1,N9=1,N10=2,N11=2,N12=2,N13=2,N14=2,N15=1,N16=2,N17=1"
"17","1","2","1","2","2","2","N1=2,N2=2,N3=2,N4=1,N5=1,N6=2,N7=1,N8=2,N9=1,N10=2,N11=2,N12=2,N13=2,N14=2,N15=2,N16=2,N17=2"
"17","1","2","1","2","2","2","N1=2,N2=2,N3=2,N4=2,N5=1,N6=1,N7=1,N8=1,N9=1,N10=1,N11=1,N12=2,N13=2,N14=2,N15=2,N16=2,N17=1"
"17","1","2","1","2","2","2","N1=2,N2=1,N3=2,N4=1,N5=2,N6=2,N7=2,N8=1,N9=1,N10=2,N11=1,N12=1,N13=1,N14=2,N15=1,N16=1,N17=2"
"17","1","2","1","2","2","2","N1=1,N2=2,N3=2,N4=1,N5=2,N6=2,N7=1,N8=2,N9=2,N10=1,N11=2,N12=1,N13=1,N14=1,N15=1,N16=2,N17=2"
"17","1","2","1","2","2","2","N1=2,N2=2,N3=2,N4=1,N5=1,N6=2,N7=1,N8=1,N9=1,N10=2,N11=2,N12=2,N13=2,N14=2,N15=2,N16=2,N17=2"
"18","1","1","1","1","2","2","N1=1,N2=2,N3=2,N4=2,N5=2,N6=2,N7=2,N8=2,N9=2,N10=2,N11=1,N12=1,N13=2,N14=2,N15=2,N16=1,N17=2"
"18","1","1","1","1","2","2","N1=2,N2=2,N3=2,N4=2,N5=1,N6=1,N7=2,N8=1,N9=2,N10=1,N11=1,N12=2,N13=2,N14=1,N15=2,N16=1,N17=2"
"18","1","1","1","1","2","2","N1=2,N2=2,N3=2,N4=2,N5=1,N6=1,N7=1,N8=1,N9=1,N10=2,N11=2,N12=1,N13=1,N14=2,N15=2,N16=1,N17=2"
"18","1","1","1","1","2","2","N1=1,N2=2,N3=2,N4=2,N5=2,N6=2,N7=2,N8=2,N9=1,N10=1,N11=1,N12=1,N13=2,N14=1,N15=2,N16=1,N17=2"
"18","1","1","1","1","2","2","N1=2,N2=1,N3=2,N4=2,N5=1,N6=1,N7=2,N8=2,N9=1,N10=1,N11=1,N12=1,N13=1,N14=1,N15=1,N16=1,N17=1"
"18","1","1","1","1","2","2","N1=2,N2=2,N3=2,N4=1,N5=1,N6=1,N7=1,N8=1,N9=2,N10=1,N11=1,N12=1,N13=2,N14=1,N15=1,N16=1,N17=2"
"18","1","1","1","1","2","2","N1=1,N2=2,N3=1,N4=1,N5=2,N6=1,N7=2,N8=1,N9=1,N10=1,N11=1,N12=2,N13=1,N14=1,N15=2,N16=2,N17=1"
"18","1","1","1","1","2","2","N1=2,N2=2,N3=2,N4=2,N5=1,N6=2,N7=2,N8=1,N9=2,N10=2,N11=2,N12=1,N13=2,N14=2,N15=1,N16=2,N17=1"
"18","1","1","1","1","2","2","N1=2,N2=2,N3=1,N4=2,N5=2,N6=2,N7=1,N8=1,N9=1,N10=2,N11=1,N12=2,N13=1,N14=1,N15=2,N16=2,N17=2"
"18","1","1","1","1","2","2","N1=2,N2=2,N3=1,N4=2,N5=2,N6=1,N7=1,N8=2,N9=2,N10=1,N11=1,N12=2,N13=1,N14=1,N15=1,N16=1,N17=1"
"19","1","1","2","2","2","2","N1=1,N2=2,N3=1,N4=1,N5=1,N6=2,N7=1,N8=2,N9=1,N10=2,N11=1,N12=2,N13=2,N14=2,N15=2,N16=1,N17=1"
"19","1","1","2","2","2","2","N1=1,N2=2,N3=2,N4=1,N5=2,N6=2,N7=1,N8=1,N9=2,N10=2,N11=1,N12=1,N13=1,N14=1,N15=1,N16=1,N17=1"
"19","1","1","2","2","2","2","N1=1,N2=2,N3=1,N4=2,N5=2,N6=1,N7=1,N8=1,N9=1,N10=1,N11=2,N12=1,N13=1,N14=2,N15=2,N16=2,N17=2"
"19","1","1","2","2","2","2","N1=2,N2=2,N3=2,N4=2,N5=1,N6=2,N7=1,N8=1,N9=1,N10=2,N11=2,N12=2,N13=1,N14=1,N15=1,N16=2,N17=2"
"19","1","1","2","2","2","2","N1=2,N2=1,N3=2,N4=1,N5=1,N6=2,N7=1,N8=1,N9=1,N10=2,N11=1,N12=1,N13=2,N14=1,N15=2,N16=2,N17=1"
"19","1","1","2","2","2","2","N1=2,N2=1,N3=2,N4=2,N5=2,N6=2,N7=1,N8=1,N9=1,N10=1,N11=2,N12=1,N13=1,N14=2,N15=1,N16=1,N17=2"
"19","1","1","2","2","2","2","N1=2,N2=2,N3=1,N4=2,N5=1,N6=1,N7=1,N8=1,N9=1,N10=2,N11=2,N12=2,N13=1,N14=1,N15=1,N16=1,N17=1"
"19","1","1","2","2","2","2","N1=2,N2=1,N3=2,N4=1,N5=2,N6=2,N7=1,N8=2,N9=1,N10=2,N11=1,N12=1,N13=2,N14=1,N15=1,N16=1,N17=2"
"19","1","1","2","2","2","2","N1=1,N2=1,N3=1,N4=2,N5=2,N6=1,N7=2,N8=2,N9=1,N10=1,N11=2,N12=1,N13=1,N14=2,N15=1,N16=2,N17=1"
"19","1","1","2","2","2","2","N1=2,N2=2,N3=1,N4=1,N5=1,N6=1,N7=1,N8=1,N9=1,N10=1,N11=2,N12=2,N13=1,N14=1,N15=1,N16=2,N17=1"
"20","1","2","1","1","1","2","N1=1,N2=1,N3=2,N4=1,N5=1,N6=1,N7=1,N8=2,N9=2,N10=1,N11=1,N12=2,N13=2,N14=1,N15=1,N16=1,N17=2"
"20","1","2","1","1","1","2","N1=2,N2=2,N3=1,N4=2,N5=1,N6=2,N7=2,N8=1,N9=1,N10=1,N11=2,N12=1,N13=1,N14=2,N15=1,N16=2,N17=2"
"20","1","2","1","1","1","2","N1=2,N2=2,N3=2,N4=2,N5=1,N6=2,N7=1,N8=2,N9=1,N10=2,N11=1,N12=2,N13=1,N14=1,N15=1,N16=2,N17=2"
"20","1","2","1","1","1","2","N1=2,N2=1,N3=2,N4=1,N5=2,N6=2,N7=1,N8=2,N9=2,N10=1,N11=1,N12=2,N13=2,N14=1,N15=2,N16=1,N17=1"
"20","1","2","1","1","1","2","N1=1,N2=1,N3=2,N4=1,N5=1,N6=2,N7=1,N8=2,N9=2,N10=1,N11=2,N12=2,N13=1,N14=2,N15=2,N16=2,N17=2"
"20","1","2","1","1","1","2","N1=1,N2=1,N3=2,N4=2,N5=1,N6=2,N7=1,N8=1,N9=2,N10=1,N11=1,N12=2,N13=1,N14=1,N15=1,N16=2,N17=1"
"20","1","2","1","1","1","2","N1=1,N2=2,N3=2,N4=1,N5=1,N6=2,N7=1,N8=1,N9=1,N10=1,N11=1,N12=1,N13=1,N14=1,N15=1,N16=2,N17=2"
"20","1","2","1","1","1","2","N1=2,N2=2,N3=2,N4=2,N5=2,N6=2,N7=1,N8=2,N9=1,N10=2,N11=2,N12=2,N13=1,N14=2,N15=2,N16=1,N17=2"
"20","1","2","1","1","1","2","N1=1,N2=1,N3=1,N4=1,N5=1,N6=2,N7=2,N8=2,N9=1,N10=1,N11=1,N12=2,N13=2,N14=2,N15=1,N16=2,N17=2"
"20","1","2","1","1","1","2","N1=1,N2=1,N3=2,N4=1,N5=1,N6=1,N7=2,N8=1,N9=1,N10=2,N11=1,N12=2,N13=1,N14=1,N15=1,N16=2,N17=1"
"21","1","2","2","1","1","2","N1=1,N2=2,N3=2,N4=2,N5=2,N6=2,N7=1,N8=2,N9=2,N10=2,N11=1,N12=2,N13=2,N14=2,N15=2,N16=1,N17=1"
"21","1","2","2","1","1","2","N1=1,N2=2,N3=2,N4=2,N5=1,N6=2,N7=1,N8=2,N9=2,N10=2,N11=1,N12=2,N13=2,N14=1,N15=1,N16=2,N17=1"
"21","1","2","2","1","1","2","N1=1,N2=2,N3=2,N4=1,N5=1,N6=2,N7=1,N8=1,N9=2,N10=2,N11=1,N12=1,N13=2,N14=1,N15=1,N16=2,N17=1"
"21","1","2","2","1","1","2","N1=1,N2=1,N3=2,N4=1,N5=2,N6=2,N7=1,N8=1,N9=1,N10=1,N11=1,N12=1,N13=1,N14=1,N15=1,N16=2,N17=2"
"21","1","2","2","1","1","2","N1=1,N2=1,N3=2,N4=1,N5=1,N6=2,N7=1,N8=1,N9=1,N10=1,N11=1,N12=1,N13=1,N14=1,N15=2,N16=2,N17=2"
"21","1","2","2","1","1","2","N1=2,N2=2,N3=2,N4=1,N5=2,N6=2,N7=1,N8=1,N9=1,N10=2,N11=1,N12=2,N13=2,N14=2,N15=1,N16=1,N17=2"
"21","1","2","2","1","1","2","N1=1,N2=2,N3=1,N4=2,N5=1,N6=1,N7=1,N8=2,N9=1,N10=2,N11=2,N12=2,N13=1,N14=1,N15=2,N16=2,N17=2"
"21","1","2","2","1","1","2","N1=2,N2=2,N3=2,N4=2,N5=2,N6=2,N7=1,N8=2,N9=1,N10=2,N11=1,N12=1,N13=1,N14=2,N15=2,N16=1,N17=2"
"21","1","2","2","1","1","2","N1=1,N2=2,N3=1,N4=2,N5=2,N6=1,N7=1,N8=2,N9=1,N10=2,N11=1,N12=2,N13=1,N14=2,N15=2,N16=2,N17=1"
"21","1","2","2","1","1","2","N1=2,N2=2,N3=2,N4=1,N5=1,N6=2,N7=1,N8=1,N9=1,N10=1,N11=1,N12=1,N13=2,N14=1,N15=1,N16=2,N17=1"
"22","1","1","2","1","1","1","N1=1,N2=2,N3=2,N4=2,N5=2,N6=2,N7=1,N8=2,N9=2,N10=2,N11=1,N12=2,N13=1,N14=2,N15=1,N16=2,N17=2"
"22","1","1","2","1","1","1","N1=1,N2=1,N3=2,N4=1,N5=1,N6=2,N7=2,N8=2,N9=1,N10=1,N11=2,N12=1,N13=2,N14=1,N15=1,N16=2,N17=2"
"22","1","1","2","1","1","1","N1=2,N2=1,N3=2,N4=1,N5=1,N6=1,N7=1,N8=1,N9=1,N10=1,N11=1,N12=1,N13=1,N14=2,N15=1,N16=2,N17=1"
"22","1","1","2","1","1","1","N1=2,N2=1,N3=2,N4=2,N5=2,N6=1,N7=1,N8=1,N9=2,N10=2,N11=1,N12=1,N13=2,N14=1,N15=2,N16=1,N17=1"
"22","1","1","2","1","1","1","N1=1,N2=2,N3=1,N4=2,N5=1,N6=2,N7=1,N8=1,N9=2,N10=1,N11=1,N12=2,N13=1,N14=1,N15=1,N16=2,N17=1"
"22","1","1","2","1","1","1","N1=2,N2=2,N3=2,N4=1,N5=2,N6=2,N7=1,N8=1,N9=1,N10=2,N11=1,N12=1,N13=2,N14=1,N15=2,N16=1,N17=2"
"22","1","1","2","1","1","1","N1=1,N2=2,N3=1,N4=1,N5=1,N6=1,N7=1,N8=1,N9=1,N10=2,N11=1,N12=1,N13=2,N14=2,N15=2,N16=2,N17=1"
"22","1","1","2","1","1","1","N1=2,N2=2,N3=1,N4=2,N5=2,N6=2,N7=1,N8=2,N9=1,N10=2,N11=2,N12=2,N13=2,N14=2,N15=2,N16=1,N17=1"
"22","1","1","2","1","1","1","N1=1,N2=1,N3=1,N4=1,N5=1,N6=2,N7=1,N8=1,N9=1,N10=2,N11=2,N12=1,N13=2,N14=2,N15=1,N16=2,N17=1"
"22","1","1","2","1","1","1","N1=2,N2=1,N3=2,N4=1,N5=2,N6=2,N7=1,N8=1,N9=1,N10=2,N11=1,N12=2,N13=1,N14=2,N15=2,N16=1,N17=1"
"23","1","2","2","2","2","1","N1=1,N2=2,N3=1,N4=1,N5=1,N6=2,N7=1,N8=2,N9=1,N10=2,N11=2,N12=2,N13=1,N14=1,N15=1,N16=1,N17=2"
"23","1","2","2","2","2","1","N1=2,N2=1,N3=2,N4=1,N5=1,N6=2,N7=1,N8=2,N9=1,N10=1,N11=2,N12=1,N13=2,N14=1,N15=2,N16=1,N17=2"
"23","1","2","2","2","2","1","N1=1,N2=1,N3=1,N4=2,N5=2,N6=2,N7=2,N8=2,N9=1,N10=1,N11=2,N12=1,N13=1,N14=2,N15=1,N16=2,N17=1"
"23","1","2","2","2","2","1","N1=2,N2=2,N3=1,N4=2,N5=1,N6=1,N7=1,N8=1,N9=1,N10=1,N11=2,N12=2,N13=1,N14=2,N15=1,N16=2,N17=1"
"23","1","2","2","2","2","1","N1=2,N2=2,N3=1,N4=1,N5=2,N6=2,N7=1,N8=1,N9=1,N10=2,N11=2,N12=1,N13=2,N14=1,N15=1,N16=1,N17=2"
"23","1","2","2","2","2","1","N1=1,N2=1,N3=2,N4=2,N5=1,N6=2,N7=1,N8=1,N9=1,N10=1,N11=2,N12=2,N13=2,N14=1,N15=2,N16=1,N17=1"
"23","1","2","2","2","2","1","N1=2,N2=2,N3=1,N4=2,N5=2,N6=1,N7=1,N8=1,N9=1,N10=2,N11=1,N12=1,N13=1,N14=2,N15=1,N16=2,N17=1"
"23","1","2","2","2","2","1","N1=2,N2=2,N3=1,N4=2,N5=2,N6=1,N7=1,N8=2,N9=1,N10=2,N11=1,N12=1,N13=2,N14=1,N15=1,N16=2,N17=1"
"23","1","2","2","2","2","1","N1=1,N2=2,N3=1,N4=1,N5=1,N6=2,N7=1,N8=1,N9=1,N10=1,N11=2,N12=1,N13=2,N14=2,N15=1,N16=2,N17=2"
"23","1","2","2","2","2","1","N1=2,N2=1,N3=2,N4=2,N5=2,N6=1,N7=1,N8=1,N9=1,N10=2,N11=2,N12=2,N13=1,N14=1,N15=1,N16=1,N17=2"
"24","1","2","1","1","2","1","N1=1,N2=2,N3=2,N4=1,N5=1,N6=1,N7=1,N8=2,N9=2,N10=2,N11=1,N12=2,N13=2,N14=1,N15=1,N16=1,N17=1"
"24","1","2","1","1","2","1","N1=2,N2=2,N3=1,N4=1,N5=1,N6=2,N7=1,N8=1,N9=1,N10=2,N11=2,N12=1,N13=1,N14=2,N15=2,N16=2,N17=2"
"24","1","2","1","1","2","1","N1=2,N2=2,N3=1,N4=2,N5=2,N6=1,N7=1,N8=2,N9=2,N10=2,N11=1,N12=2,N13=2,N14=2,N15=2,N16=1,N17=2"
"24","1","2","1","1","2","1","N1=1,N2=1,N3=2,N4=1,N5=1,N6=2,N7=2,N8=1,N9=2,N10=2,N11=2,N12=2,N13=1,N14=2,N15=1,N16=2,N17=2"
"24","1","2","1","1","2","1","N1=1,N2=1,N3=2,N4=1,N5=2,N6=2,N7=1,N8=1,N9=1,N10=2,N11=1,N12=2,N13=1,N14=2,N15=1,N16=1,N17=1"
"24","1","2","1","1","2","1","N1=1,N2=1,N3=2,N4=1,N5=1,N6=2,N7=1,N8=1,N9=1,N10=1,N11=2,N12=2,N13=2,N14=1,N15=2,N16=2,N17=1"
"24","1","2","1","1","2","1","N1=1,N2=1,N3=2,N4=1,N5=1,N6=1,N7=1,N8=1,N9=2,N10=1,N11=1,N12=1,N13=1,N14=2,N15=1,N16=2,N17=2"
"24","1","2","1","1","2","1","N1=2,N2=1,N3=2,N4=1,N5=1,N6=2,N7=1,N8=1,N9=1,N10=2,N11=1,N12=2,N13=1,N14=2,N15=1,N16=2,N17=2"
"24","1","2","1","1","2","1","N1=2,N2=1,N3=2,N4=2,N5=2,N6=2,N7=1,N8=1,N9=1,N10=1,N11=2,N12=1,N13=1,N14=2,N15=1,N16=1,N17=2"
"24","1","2","1","1","2","1","N1=1,N2=2,N3=1,N4=2,N5=1,N6=1,N7=1,N8=1,N9=2,N10=2,N11=1,N12=2,N13=2,N14=2,N15=1,N16=1,N17=1"
"25","1","2","1","1","2","1","N1=1,N2=2,N3=2,N4=1,N5=2,N6=1,N7=2,N8=2,N9=1,N10=2,N11=1,N12=2,N13=2,N14=2,N15=1,N16=1,N17=1"
"25","1","2","1","1","2","1","N1=2,N2=1,N3=2,N4=1,N5=1,N6=2,N7=2,N8=1,N9=1,N10=2,N11=1,N12=2,N13=2,N14=1,N15=1,N16=2,N17=1"
"25","1","2","1","1","2","1","N1=2,N2=2,N3=2,N4=2,N5=2,N6=2,N7=1,N8=1,N9=2,N10=2,N11=2,N12=1,N13=1,N14=2,N15=1,N16=1,N17=2"
"25","1","2","1","1","2","1","N1=2,N2=1,N3=1,N4=1,N5=1,N6=1,N7=1,N8=2,N9=1,N10=2,N11=2,N12=2,N13=2,N14=2,N15=1,N16=2,N17=2"
"25","1","2","1","1","2","1","N1=2,N2=1,N3=2,N4=2,N5=1,N6=2,N7=1,N8=1,N9=2,N10=1,N11=1,N12=2,N13=2,N14=2,N15=1,N16=2,N17=1"
"25","1","2","1","1","2","1","N1=2,N2=2,N3=1,N4=1,N5=1,N6=1,N7=1,N8=1,N9=2,N10=2,N11=2,N12=2,N13=2,N14=2,N15=1,N16=2,N17=2"
"25","1","2","1","1","2","1","N1=2,N2=2,N3=1,N4=2,N5=1,N6=1,N7=1,N8=1,N9=1,N10=1,N11=2,N12=2,N13=2,N14=1,N15=1,N16=2,N17=2"
"25","1","2","1","1","2","1","N1=2,N2=1,N3=2,N4=1,N5=1,N6=2,N7=2,N8=2,N9=2,N10=2,N11=1,N12=1,N13=1,N14=1,N15=2,N16=2,N17=1"
"25","1","2","1","1","2","1","N1=2,N2=1,N3=1,N4=2,N5=1,N6=1,N7=2,N8=2,N9=1,N10=1,N11=2,N12=1,N13=2,N14=2,N15=1,N16=2,N17=1"
"25","1","2","1","1","2","1","N1=2,N2=2,N3=1,N4=1,N5=2,N6=2,N7=2,N8=1,N9=2,N10=1,N11=2,N12=2,N13=2,N14=1,N15=1,N16=2,N17=1"
"26","1","1","2","1","2","1","N1=1,N2=2,N3=2,N4=1,N5=2,N6=2,N7=1,N8=2,N9=1,N10=2,N11=2,N12=2,N13=2,N14=1,N15=1,N16=1,N17=1"
"26","1","1","2","1","2","1","N1=1,N2=1,N3=2,N4=2,N5=1,N6=2,N7=1,N8=1,N9=2,N10=2,N11=2,N12=2,N13=1,N14=1,N15=2,N16=1,N17=1"
"26","1","1","2","1","2","1","N1=2,N2=2,N3=1,N4=1,N5=2,N6=1,N7=1,N8=1,N9=1,N10=2,N11=1,N12=2,N13=1,N14=1,N15=2,N16=1,N17=1"
"26","1","1","2","1","2","1","N1=2,N2=2,N3=2,N4=2,N5=1,N6=1,N7=1,N8=2,N9=1,N10=2,N11=1,N12=1,N13=2,N14=2,N15=1,N16=2,N17=1"
"26","1","1","2","1","2","1","N1=2,N2=2,N3=2,N4=1,N5=2,N6=2,N7=1,N8=2,N9=2,N10=2,N11=1,N12=2,N13=1,N14=2,N15=2,N16=1,N17=2"
"26","1","1","2","1","2","1","N1=1,N2=2,N3=1,N4=2,N5=1,N6=2,N7=1,N8=2,N9=2,N10=2,N11=1,N12=2,N13=2,N14=2,N15=1,N16=1,N17=1"
"26","1","1","2","1","2","1","N1=1,N2=2,N3=2,N4=1,N5=1,N6=2,N7=1,N8=2,N9=2,N10=2,N11=2,N12=2,N13=1,N14=2,N15=1,N16=2,N17=1"
"26","1","1","2","1","2","1","N1=1,N2=1,N3=2,N4=1,N5=2,N6=2,N7=1,N8=2,N9=2,N10=2,N11=2,N12=2,N13=2,N14=2,N15=1,N16=1,N17=2"
"26","1","1","2","1","2","1","N1=2,N2=1,N3=2,N4=1,N5=1,N6=2,N7=1,N8=1,N9=2,N10=1,N11=2,N12=1,N13=1,N14=2,N15=2,N16=2,N17=1"
"26","1","1","2","1","2","1","N1=2,N2=1,N3=2,N4=1,N5=1,N6=2,N7=2,N8=1,N9=2,N10=2,N11=2,N12=2,N13=1,N14=1,N15=1,N16=2,N17=1"
"27","1","2","2","2","2","1","N1=2,N2=2,N3=2,N4=1,N5=1,N6=2,N7=2,N8=2,N9=2,N10=2,N11=2,N12=2,N13=1,N14=2,N15=1,N16=2,N17=2"
"27","1","2","2","2","2","1","N1=2,N2=2,N3=1,N4=2,N5=2,N6=1,N7=1,N8=2,N9=1,N10=2,N11=1,N12=2,N13=1,N14=2,N15=2,N16=1,N17=2"
"27","1","2","2","2","2","1","N1=2,N2=2,N3=2,N4=2,N5=1,N6=2,N7=1,N8=1,N9=1,N10=2,N11=2,N12=2,N13=2,N14=2,N15=2,N16=2,N17=2"
"27","1","2","2","2","2","1","N1=2,N2=2,N3=2,N4=1,N5=2,N6=2,N7=1,N8=2,N9=1,N10=2,N11=1,N12=1,N13=1,N14=2,N15=2,N16=1,N17=2"
"27","1","2","2","2","2","1","N1=2,N2=2,N3=1,N4=1,N5=1,N6=2,N7=1,N8=2,N9=1,N10=2,N11=2,N12=2,N13=2,N14=2,N15=2,N16=2,N17=1"
"27","1","2","2","2","2","1","N1=2,N2=2,N3=2,N4=2,N5=2,N6=2,N7=2,N8=1,N9=2,N10=1,N11=1,N12=1,N13=1,N14=1,N15=1,N16=1,N17=2"
"27","1","2","2","2","2","1","N1=2,N2=2,N3=2,N4=2,N5=1,N6=2,N7=1,N8=2,N9=1,N10=2,N11=1,N12=1,N13=1,N14=1,N15=1,N16=1,N17=2"
"27","1","2","2","2","2","1","N1=1,N2=2,N3=1,N4=1,N5=2,N6=2,N7=1,N8=2,N9=1,N10=2,N11=1,N12=2,N13=2,N14=1,N15=1,N16=2,N17=1"
"27","1","2","2","2","2","1","N1=1,N2=2,N3=2,N4=1,N5=1,N6=2,N7=1,N8=2,N9=1,N10=1,N11=2,N12=1,N13=2,N14=2,N15=1,N16=2,N17=1"
"27","1","2","2","2","2","1","N1=1,N2=2,N3=2,N4=2,N5=2,N6=2,N7=1,N8=1,N9=2,N10=2,N11=1,N12=2,N13=1,N14=1,N15=2,N16=1,N17=2"
"28","1","2","1","1","2","2","N1=2,N2=2,N3=2,N4=1,N5=2,N6=2,N7=2,N8=2,N9=2,N10=1,N11=2,N12=2,N13=1,N14=1,N15=1,N16=1,N17=1"
"28","1","2","1","1","2","2","N1=1,N2=2,N3=2,N4=1,N5=1,N6=1,N7=1,N8=2,N9=2,N10=1,N11=1,N12=2,N13=2,N14=2,N15=1,N16=2,N17=2"
"28","1","2","1","1","2","2","N1=2,N2=2,N3=2,N4=2,N5=2,N6=2,N7=1,N8=2,N9=1,N10=1,N11=2,N12=2,N13=1,N14=1,N15=2,N16=2,N17=1"
"28","1","2","1","1","2","2","N1=2,N2=2,N3=2,N4=2,N5=1,N6=2,N7=1,N8=2,N9=2,N10=1,N11=2,N12=2,N13=1,N14=1,N15=2,N16=2,N17=2"
"28","1","2","1","1","2","2","N1=2,N2=2,N3=2,N4=2,N5=2,N6=2,N7=1,N8=1,N9=1,N10=1,N11=2,N12=2,N13=1,N14=2,N15=2,N16=1,N17=1"
"28","1","2","1","1","2","2","N1=2,N2=2,N3=1,N4=1,N5=1,N6=1,N7=1,N8=1,N9=2,N10=2,N11=1,N12=1,N13=2,N14=1,N15=2,N16=1,N17=2"
"28","1","2","1","1","2","2","N1=1,N2=2,N3=2,N4=1,N5=1,N6=2,N7=1,N8=2,N9=2,N10=2,N11=2,N12=2,N13=1,N14=2,N15=2,N16=1,N17=1"
"28","1","2","1","1","2","2","N1=2,N2=1,N3=1,N4=2,N5=2,N6=2,N7=1,N8=2,N9=2,N10=2,N11=2,N12=2,N13=2,N14=2,N15=2,N16=2,N17=2"
"28","1","2","1","1","2","2","N1=2,N2=2,N3=2,N4=2,N5=2,N6=2,N7=1,N8=2,N9=1,N10=1,N11=1,N12=2,N13=1,N14=1,N15=2,N16=1,N17=2"
"28","1","2","1","1","2","2","N1=1,N2=1,N3=1,N4=1,N5=1,N6=2,N7=1,N8=1,N9=2,N10=1,N11=2,N12=2,N13=2,N14=1,N15=2,N16=2,N17=2"
"29","1","2","1","2","2","2","N1=1,N2=2,N3=2,N4=2,N5=2,N6=1,N7=1,N8=2,N9=2,N10=1,N11=2,N12=2,N13=1,N14=2,N15=1,N16=1,N17=1"
"29","1","2","1","2","2","2","N1=2,N2=2,N3=1,N4=2,N5=1,N6=2,N7=1,N8=1,N9=1,N10=1,N11=2,N12=2,N13=2,N14=1,N15=2,N16=2,N17=1"
"29","1","2","1","2","2","2","N1=2,N2=1,N3=2,N4=1,N5=1,N6=1,N7=2,N8=1,N9=2,N10=2,N11=1,N12=2,N13=2,N14=1,N15=1,N16=2,N17=1"
"29","1","2","1","2","2","2","N1=2,N2=1,N3=2,N4=2,N5=2,N6=2,N7=1,N8=1,N9=1,N10=1,N11=1,N12=2,N13=1,N14=2,N15=1,N16=1,N17=1"
"29","1","2","1","2","2","2","N1=1,N2=2,N3=1,N4=2,N5=1,N6=1,N7=2,N8=1,N9=2,N10=2,N11=1,N12=2,N13=2,N14=2,N15=2,N16=2,N17=1"
"29","1","2","1","2","2","2","N1=2,N2=2,N3=1,N4=1,N5=2,N6=1,N7=1,N8=2,N9=1,N10=1,N11=2,N12=2,N13=2,N14=1,N15=2,N16=1,N17=1"
"29","1","2","1","2","2","2","N1=1,N2=2,N3=2,N4=1,N5=2,N6=2,N7=1,N8=1,N9=2,N10=1,N11=2,N12=2,N13=1,N14=2,N15=1,N16=2,N17=1"
"29","1","2","1","2","2","2","N1=1,N2=2,N3=2,N4=2,N5=1,N6=2,N7=1,N8=1,N9=1,N10=2,N11=2,N12=1,N13=1,N14=1,N15=2,N16=2,N17=1"
"29","1","2","1","2","2","2","N1=2,N2=2,N3=2,N4=1,N5=1,N6=2,N7=1,N8=2,N9=2,N10=1,N11=2,N12=1,N13=2,N14=2,N15=2,N16=2,N17=2"
"29","1","2","1","2","2","2","N1=2,N2=2,N3=2,N4=2,N5=1,N6=2,N7=2,N8=1,N9=1,N10=1,N11=2,N12=2,N13=2,N14=2,N15=1,N16=2,N17=1"
"30","1","1","2","2","2","2","N1=1,N2=2,N3=1,N4=1,N5=1,N6=1,N7=1,N8=2,N9=2,N10=1,N11=1,N12=1,N13=2,N14=2,N15=1,N16=1,N17=2"
"30","1","1","2","2","2","2","N1=1,N2=1,N3=2,N4=1,N5=1,N6=1,N7=1,N8=1,N9=1,N10=2,N11=2,N12=2,N13=1,N14=1,N15=2,N16=1,N17=2"
"30","1","1","2","2","2","2","N1=2,N2=1,N3=1,N4=2,N5=2,N6=2,N7=1,N8=2,N9=1,N10=1,N11=2,N12=1,N13=1,N14=1,N15=1,N16=1,N17=1"
"30","1","1","2","2","2","2","N1=1,N2=2,N3=1,N4=2,N5=1,N6=1,N7=2,N8=2,N9=1,N10=1,N11=1,N12=1,N13=1,N14=1,N15=1,N16=2,N17=2"
"30","1","1","2","2","2","2","N1=2,N2=2,N3=1,N4=1,N5=2,N6=2,N7=1,N8=2,N9=1,N10=1,N11=2,N12=1,N13=2,N14=1,N15=2,N16=1,N17=2"
"30","1","1","2","2","2","2","N1=1,N2=2,N3=2,N4=1,N5=1,N6=2,N7=1,N8=1,N9=2,N10=2,N11=1,N12=1,N13=2,N14=2,N15=1,N16=2,N17=1"
"30","1","1","2","2","2","2","N1=1,N2=2,N3=1,N4=2,N5=2,N6=1,N7=1,N8=1,N9=1,N10=1,N11=1,N12=2,N13=1,N14=1,N15=1,N16=2,N17=2"
"30","1","1","2","2","2","2","N1=2,N2=2,N3=1,N4=1,N5=1,N6=1,N7=2,N8=2,N9=1,N10=2,N11=2,N12=1,N13=2,N14=1,N15=1,N16=2,N17=1"
"30","1","1","2","2","2","2","N1=2,N2=2,N3=2,N4=2,N5=2,N6=1,N7=1,N8=1,N9=1,N10=2,N11=1,N12=1,N13=1,N14=2,N15=1,N16=1,N17=2"
"30","1","1","2","2","2","2","N1=2,N2=2,N3=1,N4=2,N5=1,N6=1,N7=1,N8=2,N9=1,N10=2,N11=1,N12=1,N13=2,N14=2,N15=1,N16=1,N17=1"
"31","1","1","1","2","2","2","N1=2,N2=2,N3=2,N4=1,N5=1,N6=1,N7=2,N8=2,N9=2,N10=1,N11=2,N12=2,N13=1,N14=1,N15=1,N16=1,N17=2"
"31","1","1","1","2","2","2","N1=1,N2=2,N3=2,N4=2,N5=2,N6=1,N7=1,N8=2,N9=2,N10=2,N11=1,N12=1,N13=1,N14=2,N15=1,N16=2,N17=2"
"31","1","1","1","2","2","2","N1=2,N2=2,N3=2,N4=1,N5=1,N6=2,N7=1,N8=1,N9=1,N10=1,N11=1,N12=1,N13=2,N14=2,N15=2,N16=2,N17=2"
"31","1","1","1","2","2","2","N1=2,N2=2,N3=2,N4=2,N5=2,N6=2,N7=1,N8=1,N9=1,N10=2,N11=1,N12=2,N13=2,N14=1,N15=1,N16=1,N17=2"
"31","1","1","1","2","2","2","N1=1,N2=2,N3=1,N4=2,N5=1,N6=1,N7=1,N8=2,N9=1,N10=1,N11=1,N12=2,N13=1,N14=1,N15=1,N16=1,N17=1"
"31","1","1","1","2","2","2","N1=2,N2=2,N3=2,N4=2,N5=2,N6=2,N7=1,N8=2,N9=1,N10=1,N11=2,N12=1,N13=1,N14=1,N15=2,N16=2,N17=1"
"31","1","1","1","2","2","2","N1=2,N2=2,N3=2,N4=1,N5=1,N6=2,N7=1,N8=2,N9=2,N10=1,N11=1,N12=2,N13=1,N14=1,N15=1,N16=2,N17=2"
"31","1","1","1","2","2","2","N1=2,N2=2,N3=2,N4=2,N5=2,N6=2,N7=1,N8=1,N9=1,N10=2,N11=1,N12=2,N13=2,N14=2,N15=2,N16=1,N17=2"
"31","1","1","1","2","2","2","N1=1,N2=2,N3=1,N4=2,N5=1,N6=1,N7=1,N8=2,N9=2,N10=2,N11=1,N12=2,N13=1,N14=1,N15=1,N16=1,N17=1"
"31","1","1","1","2","2","2","N1=1,N2=1,N3=1,N4=1,N5=1,N6=1,N7=1,N8=1,N9=1,N10=2,N11=1,N12=2,N13=2,N14=1,N15=1,N16=2,N17=1"
"32","1","2","1","1","1","1","N1=1,N2=2,N3=2,N4=2,N5=1,N6=1,N7=1,N8=2,N9=2,N10=2,N11=1,N12=1,N13=1,N14=2,N15=1,N16=1,N17=1"
"32","1","2","1","1","1","1","N1=2,N2=1,N3=1,N4=1,N5=2,N6=2,N7=1,N8=1,N9=2,N10=2,N11=1,N12=1,N13=2,N14=1,N15=1,N16=2,N17=2"
"32","1","2","1","1","1","1","N1=2,N2=1,N3=2,N4=2,N5=2,N6=2,N7=1,N8=2,N9=2,N10=2,N11=2,N12=1,N13=1,N14=2,N15=2,N16=1,N17=2"
"32","1","2","1","1","1","1","N1=1,N2=2,N3=1,N4=2,N5=1,N6=1,N7=2,N8=1,N9=1,N10=1,N11=2,N12=2,N13=2,N14=2,N15=2,N16=2,N17=2"
"32","1","2","1","1","1","1","N1=2,N2=2,N3=1,N4=2,N5=2,N6=1,N7=1,N8=2,N9=1,N10=2,N11=2,N12=2,N13=2,N14=1,N15=1,N16=1,N17=2"
"32","1","2","1","1","1","1","N1=2,N2=1,N3=2,N4=1,N5=1,N6=2,N7=1,N8=1,N9=2,N10=1,N11=2,N12=1,N13=1,N14=1,N15=1,N16=2,N17=2"
"32","1","2","1","1","1","1","N1=2,N2=1,N3=2,N4=2,N5=2,N6=2,N7=2,N8=1,N9=1,N10=1,N11=2,N12=1,N13=2,N14=1,N15=1,N16=1,N17=1"
"32","1","2","1","1","1","1","N1=1,N2=2,N3=2,N4=2,N5=1,N6=1,N7=2,N8=1,N9=1,N10=2,N11=1,N12=1,N13=2,N14=2,N15=2,N16=2,N17=1"
"32","1","2","1","1","1","1","N1=2,N2=1,N3=1,N4=2,N5=2,N6=1,N7=1,N8=1,N9=2,N10=2,N11=1,N12=2,N13=1,N14=1,N15=2,N16=2,N17=2"
"32","1","2","1","1","1","1","N1=2,N2=2,N3=2,N4=1,N5=1,N6=1,N7=1,N8=1,N9=2,N10=2,N11=1,N12=1,N13=2,N14=1,N15=1,N16=2,N17=1"
"33","1","1","1","2","1","1","N1=1,N2=2,N3=2,N4=2,N5=1,N6=1,N7=2,N8=2,N9=2,N10=1,N11=1,N12=2,N13=2,N14=2,N15=1,N16=1,N17=1"
"33","1","1","1","2","1","1","N1=2,N2=2,N3=2,N4=1,N5=2,N6=2,N7=1,N8=2,N9=1,N10=1,N11=1,N12=1,N13=1,N14=2,N15=2,N16=2,N17=1"
"33","1","1","1","2","1","1","N1=2,N2=1,N3=2,N4=2,N5=2,N6=2,N7=2,N8=2,N9=2,N10=2,N11=2,N12=2,N13=2,N14=2,N15=1,N16=1,N17=1"
"33","1","1","1","2","1","1","N1=2,N2=2,N3=2,N4=2,N5=1,N6=2,N7=1,N8=2,N9=1,N10=1,N11=1,N12=1,N13=1,N14=2,N15=1,N16=2,N17=2"
"33","1","1","1","2","1","1","N1=2,N2=2,N3=2,N4=2,N5=2,N6=2,N7=1,N8=2,N9=1,N10=1,N11=2,N12=2,N13=1,N14=2,N15=2,N16=1,N17=2"
"33","1","1","1","2","1","1","N1=2,N2=2,N3=1,N4=2,N5=2,N6=2,N7=1,N8=2,N9=2,N10=2,N11=1,N12=1,N13=2,N14=2,N15=1,N16=2,N17=2"
"33","1","1","1","2","1","1","N1=2,N2=1,N3=2,N4=2,N5=2,N6=2,N7=1,N8=1,N9=1,N10=2,N11=2,N12=1,N13=1,N14=2,N15=1,N16=1,N17=2"
"33","1","1","1","2","1","1","N1=1,N2=2,N3=1,N4=2,N5=2,N6=1,N7=1,N8=1,N9=2,N10=2,N11=2,N12=2,N13=2,N14=2,N15=2,N16=2,N17=1"
"33","1","1","1","2","1","1","N1=2,N2=2,N3=2,N4=1,N5=1,N6=1,N7=1,N8=1,N9=1,N10=2,N11=1,N12=2,N13=2,N14=2,N15=1,N16=2,N17=1"
"33","1","1","1","2","1","1","N1=2,N2=2,N3=2,N4=2,N5=2,N6=1,N7=1,N8=2,N9=2,N10=1,N11=2,N12=2,N13=1,N14=2,N15=2,N16=1,N17=1"
"34","1","1","2","2","2","1","N1=1,N2=2,N3=2,N4=1,N5=2,N6=1,N7=2,N8=2,N9=2,N10=1,N11=2,N12=2,N13=2,N14=1,N15=1,N16=1,N17=1"
"34","1","1","2","2","2","1","N1=1,N2=2,N3=2,N4=2,N5=1,N6=1,N7=1,N8=1,N9=2,N10=2,N11=1,N12=2,N13=1,N14=2,N15=2,N16=2,N17=1"
"34","1","1","2","2","2","1","N1=2,N2=2,N3=2,N4=2,N5=2,N6=1,N7=1,N8=1,N9=2,N10=2,N11=2,N12=1,N13=2,N14=2,N15=2,N16=1,N17=1"
"34","1","1","2","2","2","1","N1=2,N2=1,N3=1,N4=1,N5=2,N6=1,N7=1,N8=1,N9=2,N10=2,N11=2,N12=1,N13=1,N14=2,N15=1,N16=2,N17=2"
"34","1","1","2","2","2","1","N1=2,N2=1,N3=1,N4=2,N5=1,N6=2,N7=2,N8=2,N9=1,N10=2,N11=2,N12=2,N13=2,N14=1,N15=1,N16=2,N17=1"
"34","1","1","2","2","2","1","N1=2,N2=2,N3=1,N4=1,N5=1,N6=2,N7=1,N8=1,N9=1,N10=1,N11=2,N12=2,N13=2,N14=1,N15=2,N16=2,N17=2"
"34","1","1","2","2","2","1","N1=2,N2=1,N3=2,N4=2,N5=2,N6=2,N7=1,N8=1,N9=1,N10=1,N11=2,N12=1,N13=1,N14=2,N15=2,N16=1,N17=2"
"34","1","1","2","2","2","1","N1=1,N2=2,N3=1,N4=2,N5=1,N6=1,N7=1,N8=1,N9=2,N10=2,N11=2,N12=2,N13=1,N14=2,N15=1,N16=2,N17=1"
"34","1","1","2","2","2","1","N1=2,N2=1,N3=1,N4=1,N5=2,N6=1,N7=1,N8=2,N9=1,N10=2,N11=2,N12=2,N13=1,N14=2,N15=1,N16=1,N17=2"
"34","1","1","2","2","2","1","N1=2,N2=1,N3=2,N4=1,N5=1,N6=2,N7=1,N8=1,N9=2,N10=1,N11=1,N12=2,N13=2,N14=2,N15=1,N16=2,N17=1"
"35","1","2","2","1","1","2","N1=2,N2=2,N3=1,N4=1,N5=1,N6=2,N7=2,N8=2,N9=2,N10=2,N11=2,N12=1,N13=2,N14=1,N15=1,N16=1,N17=2"
"35","1","2","2","1","1","2","N1=1,N2=2,N3=2,N4=1,N5=2,N6=1,N7=1,N8=1,N9=1,N10=2,N11=1,N12=2,N13=1,N14=1,N15=2,N16=2,N17=1"
"35","1","2","2","1","1","2","N1=2,N2=2,N3=2,N4=2,N5=1,N6=1,N7=1,N8=2,N9=2,N10=1,N11=2,N12=2,N13=1,N14=2,N15=1,N16=2,N17=1"
"35","1","2","2","1","1","2","N1=2,N2=2,N3=2,N4=2,N5=2,N6=2,N7=1,N8=2,N9=2,N10=2,N11=1,N12=2,N13=2,N14=1,N15=1,N16=1,N17=2"
"35","1","2","2","1","1","2","N1=1,N2=1,N3=1,N4=2,N5=1,N6=2,N7=1,N8=1,N9=1,N10=2,N11=1,N12=2,N13=1,N14=1,N15=2,N16=2,N17=1"
"35","1","2","2","1","1","2","N1=1,N2=2,N3=2,N4=1,N5=2,N6=2,N7=1,N8=2,N9=1,N10=2,N11=2,N12=1,N13=2,N14=1,N15=1,N16=1,N17=2"
"35","1","2","2","1","1","2","N1=2,N2=2,N3=2,N4=1,N5=1,N6=2,N7=1,N8=1,N9=2,N10=1,N11=2,N12=1,N13=2,N14=1,N15=2,N16=1,N17=1"
"35","1","2","2","1","1","2","N1=2,N2=1,N3=1,N4=2,N5=2,N6=1,N7=1,N8=1,N9=2,N10=2,N11=2,N12=1,N13=1,N14=2,N15=2,N16=2,N17=1"
"35","1","2","2","1","1","2","N1=2,N2=2,N3=1,N4=2,N5=2,N6=2,N7=1,N8=2,N9=1,N10=1,N11=2,N12=2,N13=2,N14=1,N15=2,N16=1,N17=2"
"35","1","2","2","1","1","2","N1=1,N2=2,N3=2,N4=2,N5=2,N6=2,N7=1,N8=1,N9=1,N10=2,N11=1,N12=2,N13=1,N14=2,N15=1,N16=1,N17=1"
"36","1","1","2","2","2","1","N1=2,N2=2,N3=1,N4=2,N5=2,N6=1,N7=2,N8=2,N9=1,N10=2,N11=2,N12=1,N13=2,N14=2,N15=1,N16=1,N17=2"
"36","1","1","2","2","2","1","N1=2,N2=2,N3=1,N4=2,N5=1,N6=2,N7=1,N8=2,N9=2,N10=1,N11=2,N12=1,N13=1,N14=2,N15=1,N16=2,N17=1"
"36","1","1","2","2","2","1","N1=2,N2=1,N3=2,N4=1,N5=2,N6=2,N7=1,N8=1,N9=1,N10=2,N11=2,N12=1,N13=1,N14=1,N15=2,N16=1,N17=1"
"36","1","1","2","2","2","1","N1=1,N2=1,N3=1,N4=1,N5=1,N6=1,N7=1,N8=1,N9=2,N10=2,N11=1,N12=2,N13=2,N14=1,N15=1,N16=1,N17=1"
"36","1","1","2","2","2","1","N1=1,N2=1,N3=2,N4=1,N5=2,N6=1,N7=1,N8=2,N9=1,N10=2,N11=2,N12=1,N13=1,N14=2,N15=1,N16=2,N17=2"
"36","1","1","2","2","2","1","N1=2,N2=1,N3=2,N4=1,N5=1,N6=1,N7=1,N8=1,N9=2,N10=2,N11=2,N12=2,N13=1,N14=2,N15=2,N16=2,N17=1"
"36","1","1","2","2","2","1","N1=2,N2=2,N3=2,N4=2,N5=2,N6=2,N7=1,N8=1,N9=2,N10=2,N11=2,N12=2,N13=1,N14=2,N15=1,N16=1,N17=1"
"36","1","1","2","2","2","1","N1=1,N2=1,N3=1,N4=2,N5=1,N6=1,N7=1,N8=2,N9=1,N10=2,N11=2,N12=1,N13=2,N14=2,N15=1,N16=2,N17=1"
"36","1","1","2","2","2","1","N1=2,N2=2,N3=2,N4=1,N5=2,N6=1,N7=2,N8=1,N9=2,N10=2,N11=1,N12=2,N13=1,N14=2,N15=1,N16=1,N17=1"
"36","1","1","2","2","2","1","N1=2,N2=1,N3=2,N4=1,N5=1,N6=2,N7=1,N8=1,N9=2,N10=2,N11=1,N12=2,N13=2,N14=2,N15=2,N16=1,N17=1"
"37","1","1","1","1","2","2","N1=2,N2=2,N3=2,N4=2,N5=2,N6=2,N7=2,N8=2,N9=1,N10=2,N11=2,N12=2,N13=1,N14=2,N15=2,N16=1,N17=1"
"37","1","1","1","1","2","2","N1=1,N2=2,N3=2,N4=1,N5=1,N6=1,N7=1,N8=1,N9=2,N10=2,N11=1,N12=1,N13=2,N14=2,N15=2,N16=2,N17=2"
"37","1","1","1","1","2","2","N1=2,N2=2,N3=2,N4=1,N5=2,N6=2,N7=1,N8=1,N9=1,N10=2,N11=1,N12=2,N13=1,N14=1,N15=1,N16=2,N17=1"
"37","1","1","1","1","2","2","N1=2,N2=1,N3=2,N4=2,N5=1,N6=2,N7=1,N8=1,N9=2,N10=2,N11=2,N12=1,N13=1,N14=2,N15=1,N16=2,N17=1"
"37","1","1","1","1","2","2","N1=2,N2=2,N3=2,N4=1,N5=2,N6=2,N7=1,N8=1,N9=2,N10=1,N11=2,N12=2,N13=2,N14=2,N15=1,N16=1,N17=1"
"37","1","1","1","1","2","2","N1=1,N2=2,N3=2,N4=1,N5=1,N6=2,N7=1,N8=1,N9=1,N10=2,N11=1,N12=1,N13=2,N14=1,N15=2,N16=1,N17=2"
"37","1","1","1","1","2","2","N1=1,N2=2,N3=2,N4=1,N5=2,N6=1,N7=2,N8=1,N9=1,N10=2,N11=2,N12=1,N13=1,N14=2,N15=2,N16=2,N17=2"
"37","1","1","1","1","2","2","N1=2,N2=2,N3=1,N4=2,N5=1,N6=1,N7=2,N8=2,N9=2,N10=1,N11=2,N12=1,N13=1,N14=2,N15=2,N16=2,N17=1"
"37","1","1","1","1","2","2","N1=2,N2=1,N3=1,N4=1,N5=2,N6=2,N7=1,N8=2,N9=1,N10=2,N11=1,N12=1,N13=1,N14=1,N15=1,N16=1,N17=2"
"37","1","1","1","1","2","2","N1=1,N2=1,N3=1,N4=1,N5=1,N6=1,N7=2,N8=1,N9=1,N10=1,N11=1,N12=1,N13=1,N14=2,N15=2,N16=2,N17=2"
"38","1","1","1","2","1","1","N1=2,N2=2,N3=2,N4=2,N5=1,N6=1,N7=2,N8=2,N9=2,N10=1,N11=2,N12=2,N13=1,N14=2,N15=2,N16=1,N17=1"
"38","1","1","1","2","1","1","N1=2,N2=1,N3=2,N4=1,N5=2,N6=1,N7=1,N8=2,N9=2,N10=2,N11=1,N12=1,N13=2,N14=2,N15=2,N16=2,N17=1"
"38","1","1","1","2","1","1","N1=2,N2=2,N3=2,N4=2,N5=1,N6=2,N7=1,N8=2,N9=2,N10=1,N11=2,N12=1,N13=1,N14=1,N15=1,N16=2,N17=1"
"38","1","1","1","2","1","1","N1=2,N2=2,N3=2,N4=2,N5=2,N6=2,N7=2,N8=1,N9=2,N10=2,N11=2,N12=2,N13=2,N14=1,N15=2,N16=1,N17=2"
"38","1","1","1","2","1","1","N1=1,N2=1,N3=2,N4=1,N5=1,N6=2,N7=1,N8=1,N9=2,N10=2,N11=1,N12=1,N13=1,N14=1,N15=2,N16=2,N17=1"
"38","1","1","1","2","1","1","N1=1,N2=1,N3=1,N4=1,N5=2,N6=1,N7=1,N8=1,N9=2,N10=2,N11=1,N12=2,N13=2,N14=2,N15=1,N16=1,N17=2"
"38","1","1","1","2","1","1","N1=2,N2=1,N3=2,N4=1,N5=1,N6=2,N7=2,N8=2,N9=2,N10=1,N11=1,N12=2,N13=2,N14=2,N15=2,N16=2,N17=1"
"38","1","1","1","2","1","1","N1=2,N2=2,N3=1,N4=2,N5=2,N6=1,N7=1,N8=2,N9=2,N10=1,N11=2,N12=2,N13=1,N14=1,N15=2,N16=2,N17=1"
"38","1","1","1","2","1","1","N1=2,N2=2,N3=2,N4=1,N5=1,N6=2,N7=1,N8=1,N9=1,N10=2,N11=2,N12=2,N13=2,N14=1,N15=1,N16=2,N17=2"
"38","1","1","1","2","1","1","N1=2,N2=1,N3=2,N4=2,N5=2,N6=1,N7=2,N8=2,N9=1,N10=2,N11=1,N12=2,N13=1,N14=2,N15=2,N16=1,N17=2"
"39","1","2","2","1","2","2","N1=1,N2=2,N3=2,N4=1,N5=1,N6=2,N7=1,N8=2,N9=1,N10=2,N11=1,N12=2,N13=1,N14=1,N15=2,N16=1,N17=2"
"39","1","2","2","1","2","2","N1=1,N2=1,N3=1,N4=1,N5=2,N6=2,N7=1,N8=1,N9=2,N10=1,N11=1,N12=1,N13=1,N14=2,N15=2,N16=2,N17=2"
"39","1","2","2","1","2","2","N1=2,N2=1,N3=2,N4=1,N5=1,N6=2,N7=1,N8=1,N9=1,N10=2,N11=1,N12=2,N13=2,N14=1,N15=2,N16=2,N17=2"
"39","1","2","2","1","2","2","N1=2,N2=1,N3=2,N4=2,N5=2,N6=2,N7=1,N8=1,N9=1,N10=1,N11=2,N12=2,N13=2,N14=1,N15=1,N16=2,N17=1"
"39","1","2","2","1","2","2","N1=2,N2=2,N3=2,N4=2,N5=2,N6=2,N7=1,N8=1,N9=2,N10=2,N11=1,N12=1,N13=1,N14=2,N15=1,N16=1,N17=1"
"39","1","2","2","1","2","2","N1=1,N2=1,N3=1,N4=1,N5=1,N6=1,N7=1,N8=2,N9=2,N10=2,N11=2,N12=1,N13=1,N14=1,N15=1,N16=1,N17=2"
"39","1","2","2","1","2","2","N1=1,N2=1,N3=2,N4=1,N5=2,N6=2,N7=1,N8=1,N9=2,N10=1,N11=2,N12=1,N13=1,N14=1,N15=1,N16=2,N17=1"
"39","1","2","2","1","2","2","N1=1,N2=2,N3=2,N4=1,N5=1,N6=2,N7=1,N8=1,N9=2,N10=1,N11=2,N12=1,N13=1,N14=2,N15=2,N16=2,N17=2"
"39","1","2","2","1","2","2","N1=1,N2=2,N3=2,N4=1,N5=2,N6=2,N7=2,N8=1,N9=1,N10=2,N11=2,N12=1,N13=2,N14=1,N15=2,N16=2,N17=2"
"39","1","2","2","1","2","2","N1=2,N2=1,N3=2,N4=1,N5=1,N6=2,N7=2,N8=2,N9=1,N10=2,N11=1,N12=1,N13=1,N14=1,N15=1,N16=1,N17=1"
"40","1","2","2","1","2","1","N1=1,N2=2,N3=1,N4=2,N5=2,N6=2,N7=2,N8=1,N9=1,N10=1,N11=1,N12=1,N13=1,N14=2,N15=1,N16=1,N17=2"
"40","1","2","2","1","2","1","N1=1,N2=2,N3=1,N4=1,N5=1,N6=2,N7=1,N8=1,N9=1,N10=2,N11=2,N12=2,N13=1,N14=2,N15=1,N16=1,N17=2"
"40","1","2","2","1","2","1","N1=1,N2=2,N3=2,N4=1,N5=2,N6=2,N7=1,N8=1,N9=1,N10=2,N11=1,N12=2,N13=2,N14=2,N15=1,N16=2,N17=1"
"40","1","2","2","1","2","1","N1=1,N2=2,N3=2,N4=1,N5=1,N6=1,N7=1,N8=1,N9=2,N10=2,N11=2,N12=2,N13=1,N14=1,N15=1,N16=2,N17=1"
"40","1","2","2","1","2","1","N1=2,N2=2,N3=2,N4=1,N5=2,N6=2,N7=1,N8=1,N9=2,N10=2,N11=2,N12=2,N13=1,N14=1,N15=1,N16=1,N17=1"
"40","1","2","2","1","2","1","N1=1,N2=2,N3=1,N4=1,N5=1,N6=1,N7=2,N8=1,N9=2,N10=2,N11=2,N12=2,N13=2,N14=1,N15=1,N16=2,N17=1"
"40","1","2","2","1","2","1","N1=2,N2=2,N3=1,N4=2,N5=2,N6=1,N7=1,N8=1,N9=1,N10=2,N11=1,N12=2,N13=1,N14=1,N15=1,N16=2,N17=2"
"40","1","2","2","1","2","1","N1=2,N2=1,N3=2,N4=1,N5=1,N6=2,N7=1,N8=2,N9=1,N10=2,N11=2,N12=2,N13=2,N14=1,N15=1,N16=2,N17=2"
"40","1","2","2","1","2","1","N1=2,N2=2,N3=1,N4=2,N5=2,N6=1,N7=1,N8=2,N9=1,N10=2,N11=2,N12=1,N13=1,N14=1,N15=1,N16=2,N17=2"
"40","1","2","2","1","2","1","N1=2,N2=1,N3=2,N4=1,N5=1,N6=2,N7=2,N8=1,N9=1,N10=2,N11=2,N12=2,N13=2,N14=2,N15=2,N16=2,N17=1"
"41","2","1","2","1","1","2","N1=1,N2=2,N3=1,N4=1,N5=1,N6=1,N7=2,N8=2,N9=1,N10=2,N11=1,N12=2,N13=1,N14=1,N15=2,N16=1,N17=2"
"41","2","1","2","1","1","2","N1=1,N2=2,N3=1,N4=2,N5=2,N6=1,N7=2,N8=1,N9=1,N10=2,N11=2,N12=1,N13=1,N14=2,N15=2,N16=1,N17=2"
"41","2","1","2","1","1","2","N1=1,N2=2,N3=2,N4=2,N5=1,N6=1,N7=2,N8=2,N9=2,N10=2,N11=2,N12=2,N13=1,N14=2,N15=2,N16=1,N17=2"
"41","2","1","2","1","1","2","N1=2,N2=1,N3=2,N4=1,N5=2,N6=2,N7=2,N8=1,N9=1,N10=2,N11=2,N12=2,N13=1,N14=2,N15=1,N16=1,N17=1"
"41","2","1","2","1","1","2","N1=1,N2=1,N3=2,N4=1,N5=1,N6=2,N7=2,N8=1,N9=2,N10=2,N11=1,N12=1,N13=2,N14=1,N15=2,N16=2,N17=2"
"41","2","1","2","1","1","2","N1=1,N2=1,N3=2,N4=1,N5=2,N6=1,N7=1,N8=1,N9=2,N10=2,N11=1,N12=2,N13=1,N14=2,N15=1,N16=1,N17=2"
"41","2","1","2","1","1","2","N1=2,N2=1,N3=2,N4=2,N5=1,N6=1,N7=2,N8=2,N9=2,N10=2,N11=2,N12=2,N13=2,N14=1,N15=1,N16=2,N17=2"
"41","2","1","2","1","1","2","N1=1,N2=2,N3=1,N4=2,N5=2,N6=2,N7=2,N8=2,N9=2,N10=2,N11=2,N12=2,N13=2,N14=1,N15=2,N16=1,N17=2"
"41","2","1","2","1","1","2","N1=1,N2=1,N3=1,N4=1,N5=1,N6=2,N7=2,N8=2,N9=1,N10=2,N11=1,N12=2,N13=1,N14=2,N15=2,N16=1,N17=1"
"41","2","1","2","1","1","2","N1=1,N2=1,N3=2,N4=1,N5=1,N6=1,N7=2,N8=2,N9=1,N10=2,N11=2,N12=1,N13=2,N14=2,N15=2,N16=1,N17=2"
"42","2","2","2","2","2","2","N1=1,N2=2,N3=1,N4=1,N5=1,N6=2,N7=2,N8=1,N9=1,N10=1,N11=1,N12=2,N13=2,N14=1,N15=2,N16=1,N17=2"
"42","2","2","2","2","2","2","N1=1,N2=2,N3=1,N4=1,N5=1,N6=1,N7=2,N8=2,N9=1,N10=2,N11=2,N12=1,N13=1,N14=1,N15=2,N16=1,N17=2"
"42","2","2","2","2","2","2","N1=1,N2=2,N3=1,N4=2,N5=2,N6=2,N7=2,N8=2,N9=1,N10=2,N11=2,N12=2,N13=2,N14=1,N15=2,N16=2,N17=2"
"42","2","2","2","2","2","2","N1=1,N2=1,N3=2,N4=1,N5=2,N6=2,N7=1,N8=1,N9=1,N10=2,N11=2,N12=1,N13=1,N14=2,N15=2,N16=1,N17=1"
"42","2","2","2","2","2","2","N1=1,N2=2,N3=1,N4=1,N5=1,N6=2,N7=1,N8=1,N9=1,N10=1,N11=2,N12=2,N13=1,N14=2,N15=2,N16=1,N17=2"
"42","2","2","2","2","2","2","N1=2,N2=1,N3=1,N4=1,N5=1,N6=1,N7=1,N8=1,N9=1,N10=2,N11=2,N12=2,N13=2,N14=2,N15=2,N16=1,N17=2"
"42","2","2","2","2","2","2","N1=1,N2=2,N3=2,N4=2,N5=2,N6=2,N7=2,N8=2,N9=1,N10=2,N11=2,N12=1,N13=1,N14=2,N15=2,N16=1,N17=1"
"42","2","2","2","2","2","2","N1=1,N2=1,N3=2,N4=1,N5=2,N6=1,N7=2,N8=2,N9=1,N10=1,N11=1,N12=2,N13=2,N14=1,N15=2,N16=1,N17=1"
"42","2","2","2","2","2","2","N1=1,N2=2,N3=2,N4=2,N5=2,N6=1,N7=1,N8=2,N9=2,N10=1,N11=1,N12=1,N13=1,N14=1,N15=2,N16=2,N17=2"
"42","2","2","2","2","2","2","N1=1,N2=1,N3=1,N4=2,N5=1,N6=2,N7=2,N8=1,N9=2,N10=2,N11=1,N12=1,N13=2,N14=1,N15=1,N16=2,N17=2"
"43","2","1","1","2","2","2","N1=2,N2=1,N3=1,N4=1,N5=1,N6=1,N7=2,N8=1,N9=1,N10=1,N11=1,N12=2,N13=2,N14=1,N15=2,N16=1,N17=1"
"43","2","1","1","2","2","2","N1=1,N2=2,N3=1,N4=2,N5=2,N6=1,N7=1,N8=1,N9=1,N10=2,N11=2,N12=1,N13=1,N14=2,N15=2,N16=2,N17=2"
"43","2","1","1","2","2","2","N1=1,N2=1,N3=1,N4=2,N5=2,N6=2,N7=2,N8=1,N9=2,N10=2,N11=1,N12=2,N13=2,N14=1,N15=2,N16=1,N17=2"
"43","2","1","1","2","2","2","N1=1,N2=1,N3=2,N4=1,N5=1,N6=1,N7=1,N8=1,N9=2,N10=2,N11=2,N12=2,N13=1,N14=2,N15=2,N16=1,N17=1"
"43","2","1","1","2","2","2","N1=1,N2=1,N3=2,N4=2,N5=2,N6=2,N7=2,N8=1,N9=2,N10=2,N11=1,N12=1,N13=1,N14=2,N15=2,N16=2,N17=2"
"43","2","1","1","2","2","2","N1=1,N2=2,N3=2,N4=1,N5=2,N6=1,N7=2,N8=1,N9=1,N10=2,N11=2,N12=2,N13=2,N14=2,N15=2,N16=1,N17=2"
"43","2","1","1","2","2","2","N1=1,N2=1,N3=1,N4=2,N5=1,N6=1,N7=2,N8=1,N9=1,N10=2,N11=2,N12=1,N13=1,N14=2,N15=2,N16=1,N17=1"
"43","2","1","1","2","2","2","N1=1,N2=1,N3=2,N4=1,N5=2,N6=2,N7=2,N8=1,N9=2,N10=1,N11=2,N12=1,N13=2,N14=1,N15=1,N16=1,N17=2"
"43","2","1","1","2","2","2","N1=1,N2=2,N3=1,N4=1,N5=2,N6=1,N7=2,N8=2,N9=2,N10=2,N11=1,N12=2,N13=1,N14=1,N15=2,N16=1,N17=2"
"43","2","1","1","2","2","2","N1=1,N2=1,N3=1,N4=1,N5=1,N6=2,N7=2,N8=2,N9=2,N10=2,N11=2,N12=1,N13=2,N14=1,N15=2,N16=1,N17=1"
"44","2","1","2","1","2","2","N1=2,N2=2,N3=2,N4=1,N5=1,N6=2,N7=2,N8=1,N9=2,N10=1,N11=1,N12=1,N13=1,N14=1,N15=1,N16=2,N17=1"
"44","2","1","2","1","2","2","N1=1,N2=2,N3=2,N4=1,N5=1,N6=1,N7=1,N8=1,N9=1,N10=2,N11=2,N12=1,N13=1,N14=2,N15=2,N16=1,N17=1"
"44","2","1","2","1","2","2","N1=1,N2=2,N3=1,N4=1,N5=2,N6=1,N7=2,N8=1,N9=2,N10=2,N11=2,N12=1,N13=1,N14=2,N15=2,N16=1,N17=2"
"44","2","1","2","1","2","2","N1=1,N2=1,N3=2,N4=2,N5=1,N6=1,N7=2,N8=2,N9=1,N10=2,N11=1,N12=1,N13=2,N14=2,N15=2,N16=1,N17=1"
"44","2","1","2","1","2","2","N1=2,N2=1,N3=2,N4=2,N5=2,N6=2,N7=2,N8=1,N9=1,N10=2,N11=2,N12=2,N13=1,N14=2,N15=2,N16=1,N17=2"
"44","2","1","2","1","2","2","N1=1,N2=1,N3=2,N4=1,N5=2,N6=1,N7=2,N8=1,N9=1,N10=2,N11=1,N12=2,N13=1,N14=2,N15=2,N16=1,N17=2"
"44","2","1","2","1","2","2","N1=2,N2=1,N3=2,N4=2,N5=1,N6=1,N7=2,N8=2,N9=1,N10=2,N11=1,N12=1,N13=1,N14=1,N15=2,N16=1,N17=1"
"44","2","1","2","1","2","2","N1=2,N2=2,N3=2,N4=2,N5=2,N6=1,N7=1,N8=1,N9=2,N10=2,N11=1,N12=1,N13=2,N14=2,N15=2,N16=1,N17=2"
"44","2","1","2","1","2","2","N1=1,N2=2,N3=2,N4=1,N5=2,N6=1,N7=2,N8=2,N9=2,N10=2,N11=2,N12=2,N13=2,N14=2,N15=2,N16=1,N17=2"
"44","2","1","2","1","2","2","N1=1,N2=1,N3=1,N4=2,N5=1,N6=2,N7=2,N8=2,N9=1,N10=1,N11=2,N12=2,N13=2,N14=2,N15=2,N16=1,N17=2"
"45","2","2","1","2","1","2","N1=1,N2=2,N3=1,N4=1,N5=1,N6=1,N7=2,N8=1,N9=1,N10=1,N11=1,N12=2,N13=1,N14=1,N15=2,N16=1,N17=2"
"45","2","2","1","2","1","2","N1=1,N2=2,N3=2,N4=2,N5=2,N6=2,N7=1,N8=2,N9=2,N10=1,N11=2,N12=1,N13=2,N14=1,N15=2,N16=2,N17=2"
"45","2","2","1","2","1","2","N1=1,N2=1,N3=2,N4=1,N5=2,N6=1,N7=1,N8=2,N9=2,N10=2,N11=2,N12=2,N13=2,N14=2,N15=1,N16=1,N17=1"
"45","2","2","1","2","1","2","N1=1,N2=2,N3=2,N4=2,N5=1,N6=2,N7=2,N8=1,N9=2,N10=2,N11=1,N12=1,N13=1,N14=1,N15=1,N16=1,N17=1"
"45","2","2","1","2","1","2","N1=2,N2=1,N3=2,N4=1,N5=1,N6=1,N7=2,N8=1,N9=2,N10=2,N11=2,N12=2,N13=2,N14=2,N15=1,N16=2,N17=1"
"45","2","2","1","2","1","2","N1=1,N2=2,N3=2,N4=2,N5=1,N6=2,N7=2,N8=1,N9=2,N10=2,N11=1,N12=2,N13=1,N14=1,N15=2,N16=2,N17=2"
"45","2","2","1","2","1","2","N1=1,N2=2,N3=1,N4=1,N5=1,N6=2,N7=2,N8=2,N9=1,N10=2,N11=2,N12=2,N13=2,N14=2,N15=1,N16=2,N17=1"
"45","2","2","1","2","1","2","N1=1,N2=2,N3=1,N4=1,N5=1,N6=2,N7=1,N8=2,N9=2,N10=2,N11=2,N12=1,N13=1,N14=2,N15=1,N16=1,N17=1"
"45","2","2","1","2","1","2","N1=1,N2=2,N3=2,N4=1,N5=1,N6=2,N7=2,N8=1,N9=2,N10=2,N11=2,N12=1,N13=1,N14=1,N15=1,N16=1,N17=1"
"45","2","2","1","2","1","2","N1=1,N2=2,N3=1,N4=1,N5=2,N6=1,N7=2,N8=2,N9=2,N10=2,N11=1,N12=1,N13=2,N14=1,N15=2,N16=1,N17=1"
"46","2","1","2","1","1","1","N1=1,N2=1,N3=1,N4=1,N5=1,N6=1,N7=2,N8=1,N9=1,N10=2,N11=1,N12=2,N13=2,N14=1,N15=1,N16=2,N17=2"
"46","2","1","2","1","1","1","N1=1,N2=1,N3=1,N4=2,N5=2,N6=2,N7=2,N8=1,N9=2,N10=2,N11=2,N12=1,N13=1,N14=1,N15=2,N16=1,N17=2"
"46","2","1","2","1","1","1","N1=1,N2=1,N3=1,N4=2,N5=1,N6=2,N7=2,N8=2,N9=1,N10=2,N11=2,N12=2,N13=2,N14=1,N15=2,N16=1,N17=1"
"46","2","1","2","1","1","1","N1=1,N2=2,N3=1,N4=1,N5=1,N6=1,N7=2,N8=2,N9=1,N10=2,N11=2,N12=1,N13=1,N14=1,N15=2,N16=1,N17=1"
"46","2","1","2","1","1","1","N1=1,N2=2,N3=1,N4=2,N5=2,N6=1,N7=2,N8=2,N9=2,N10=2,N11=2,N12=2,N13=1,N14=2,N15=2,N16=1,N17=2"
"46","2","1","2","1","1","1","N1=1,N2=1,N3=1,N4=2,N5=1,N6=2,N7=2,N8=2,N9=2,N10=2,N11=2,N12=1,N13=2,N14=2,N15=1,N16=1,N17=2"
"46","2","1","2","1","1","1","N1=1,N2=1,N3=2,N4=1,N5=2,N6=2,N7=2,N8=2,N9=1,N10=1,N11=2,N12=2,N13=1,N14=1,N15=2,N16=2,N17=1"
"46","2","1","2","1","1","1","N1=2,N2=1,N3=2,N4=1,N5=2,N6=2,N7=1,N8=1,N9=1,N10=1,N11=2,N12=1,N13=1,N14=1,N15=2,N16=1,N17=1"
"46","2","1","2","1","1","1","N1=2,N2=1,N3=2,N4=1,N5=2,N6=2,N7=1,N8=1,N9=2,N10=2,N11=1,N12=1,N13=1,N14=2,N15=2,N16=1,N17=1"
"46","2","1","2","1","1","1","N1=2,N2=2,N3=2,N4=1,N5=1,N6=2,N7=2,N8=1,N9=1,N10=2,N11=2,N12=1,N13=1,N14=2,N15=2,N16=1,N17=2"
"47","2","1","1","1","1","1","N1=2,N2=1,N3=1,N4=1,N5=1,N6=2,N7=2,N8=1,N9=1,N10=1,N11=1,N12=2,N13=1,N14=1,N15=1,N16=1,N17=2"
"47","2","1","1","1","1","1","N1=2,N2=2,N3=1,N4=1,N5=2,N6=2,N7=2,N8=2,N9=1,N10=2,N11=1,N12=2,N13=1,N14=1,N15=1,N16=1,N17=2"
"47","2","1","1","1","1","1","N1=1,N2=2,N3=1,N4=1,N5=2,N6=1,N7=2,N8=2,N9=2,N10=1,N11=1,N12=1,N13=1,N14=1,N15=1,N16=1,N17=2"
"47","2","1","1","1","1","1","N1=2,N2=1,N3=1,N4=2,N5=1,N6=1,N7=2,N8=2,N9=1,N10=2,N11=1,N12=2,N13=1,N14=2,N15=2,N16=1,N17=2"
"47","2","1","1","1","1","1","N1=1,N2=2,N3=1,N4=2,N5=1,N6=2,N7=2,N8=1,N9=2,N10=2,N11=1,N12=1,N13=1,N14=2,N15=2,N16=1,N17=1"
"47","2","1","1","1","1","1","N1=1,N2=2,N3=2,N4=1,N5=1,N6=2,N7=2,N8=1,N9=1,N10=2,N11=2,N12=2,N13=2,N14=2,N15=1,N16=1,N17=1"
"47","2","1","1","1","1","1","N1=1,N2=2,N3=2,N4=1,N5=1,N6=1,N7=2,N8=1,N9=2,N10=1,N11=2,N12=1,N13=1,N14=1,N15=1,N16=1,N17=1"
"47","2","1","1","1","1","1","N1=1,N2=2,N3=1,N4=2,N5=1,N6=1,N7=2,N8=1,N9=1,N10=2,N11=1,N12=1,N13=1,N14=1,N15=1,N16=1,N17=2"
"47","2","1","1","1","1","1","N1=1,N2=2,N3=1,N4=1,N5=2,N6=1,N7=2,N8=1,N9=1,N10=2,N11=1,N12=1,N13=1,N14=2,N15=1,N16=2,N17=1"
"47","2","1","1","1","1","1","N1=2,N2=2,N3=2,N4=2,N5=1,N6=1,N7=2,N8=2,N9=1,N10=2,N11=1,N12=2,N13=2,N14=2,N15=1,N16=2,N17=2"
"48","2","2","1","2","2","1","N1=1,N2=1,N3=1,N4=2,N5=1,N6=1,N7=2,N8=2,N9=1,N10=1,N11=1,N12=2,N13=1,N14=1,N15=2,N16=1,N17=2"
"48","2","2","1","2","2","1","N1=1,N2=1,N3=1,N4=2,N5=2,N6=1,N7=2,N8=1,N9=1,N10=2,N11=2,N12=1,N13=1,N14=2,N15=1,N16=1,N17=2"
"48","2","2","1","2","2","1","N1=1,N2=2,N3=1,N4=2,N5=2,N6=2,N7=2,N8=1,N9=1,N10=2,N11=2,N12=2,N13=1,N14=2,N15=1,N16=2,N17=2"
"48","2","2","1","2","2","1","N1=1,N2=1,N3=2,N4=1,N5=2,N6=2,N7=2,N8=1,N9=1,N10=2,N11=2,N12=2,N13=2,N14=1,N15=2,N16=2,N17=2"
"48","2","2","1","2","2","1","N1=1,N2=2,N3=1,N4=1,N5=1,N6=1,N7=2,N8=1,N9=1,N10=2,N11=2,N12=1,N13=1,N14=1,N15=1,N16=1,N17=1"
"48","2","2","1","2","2","1","N1=2,N2=1,N3=2,N4=2,N5=2,N6=2,N7=2,N8=2,N9=1,N10=2,N11=2,N12=2,N13=1,N14=2,N15=1,N16=1,N17=1"
"48","2","2","1","2","2","1","N1=1,N2=2,N3=2,N4=1,N5=1,N6=2,N7=2,N8=1,N9=2,N10=2,N11=1,N12=1,N13=1,N14=1,N15=1,N16=1,N17=2"
"48","2","2","1","2","2","1","N1=1,N2=2,N3=1,N4=1,N5=1,N6=1,N7=2,N8=2,N9=2,N10=2,N11=1,N12=2,N13=1,N14=2,N15=1,N16=1,N17=1"
"48","2","2","1","2","2","1","N1=2,N2=1,N3=1,N4=2,N5=2,N6=2,N7=1,N8=2,N9=2,N10=2,N11=1,N12=1,N13=1,N14=1,N15=1,N16=1,N17=2"
"48","2","2","1","2","2","1","N1=1,N2=2,N3=1,N4=1,N5=1,N6=1,N7=2,N8=2,N9=1,N10=2,N11=1,N12=1,N13=2,N14=1,N15=1,N16=1,N17=1"
"49","2","2","2","1","2","2","N1=2,N2=1,N3=1,N4=2,N5=1,N6=1,N7=2,N8=1,N9=1,N10=1,N11=1,N12=2,N13=1,N14=1,N15=1,N16=1,N17=1"
"49","2","2","2","1","2","2","N1=2,N2=2,N3=1,N4=2,N5=2,N6=2,N7=2,N8=1,N9=1,N10=2,N11=1,N12=1,N13=1,N14=1,N15=1,N16=1,N17=2"
"49","2","2","2","1","2","2","N1=2,N2=1,N3=2,N4=1,N5=1,N6=1,N7=2,N8=1,N9=1,N10=2,N11=2,N12=2,N13=2,N14=2,N15=2,N16=2,N17=1"
"49","2","2","2","1","2","2","N1=1,N2=2,N3=1,N4=2,N5=2,N6=2,N7=2,N8=1,N9=1,N10=2,N11=2,N12=1,N13=1,N14=2,N15=2,N16=2,N17=2"
"49","2","2","2","1","2","2","N1=1,N2=1,N3=1,N4=1,N5=1,N6=1,N7=1,N8=1,N9=2,N10=2,N11=1,N12=1,N13=2,N14=2,N15=2,N16=1,N17=2"
"49","2","2","2","1","2","2","N1=1,N2=2,N3=2,N4=2,N5=1,N6=1,N7=2,N8=2,N9=2,N10=2,N11=1,N12=1,N13=1,N14=2,N15=1,N16=2,N17=1"
"49","2","2","2","1","2","2","N1=1,N2=2,N3=1,N4=2,N5=2,N6=2,N7=1,N8=2,N9=2,N10=2,N11=1,N12=1,N13=2,N14=2,N15=2,N16=2,N17=1"
"49","2","2","2","1","2","2","N1=1,N2=1,N3=1,N4=1,N5=1,N6=1,N7=2,N8=2,N9=2,N10=2,N11=1,N12=2,N13=1,N14=2,N15=2,N16=1,N17=2"
"49","2","2","2","1","2","2","N1=1,N2=1,N3=2,N4=2,N5=2,N6=2,N7=2,N8=2,N9=2,N10=2,N11=2,N12=1,N13=2,N14=2,N15=2,N16=2,N17=2"
"49","2","2","2","1","2","2","N1=1,N2=2,N3=1,N4=1,N5=1,N6=2,N7=1,N8=2,N9=1,N10=2,N11=2,N12=2,N13=1,N14=2,N15=2,N16=1,N17=2"
"50","2","2","2","1","2","2","N1=1,N2=1,N3=1,N4=1,N5=1,N6=1,N7=2,N8=1,N9=2,N10=1,N11=1,N12=2,N13=2,N14=1,N15=2,N16=1,N17=1"
"50","2","2","2","1","2","2","N1=1,N2=1,N3=1,N4=2,N5=1,N6=1,N7=2,N8=1,N9=2,N10=2,N11=1,N12=1,N13=1,N14=2,N15=2,N16=2,N17=1"
"50","2","2","2","1","2","2","N1=1,N2=1,N3=2,N4=2,N5=2,N6=2,N7=2,N8=2,N9=2,N10=2,N11=1,N12=1,N13=2,N14=2,N15=2,N16=1,N17=2"
"50","2","2","2","1","2","2","N1=1,N2=2,N3=2,N4=1,N5=1,N6=2,N7=2,N8=1,N9=2,N10=2,N11=1,N12=2,N13=1,N14=2,N15=1,N16=1,N17=2"
"50","2","2","2","1","2","2","N1=1,N2=2,N3=1,N4=1,N5=1,N6=2,N7=2,N8=2,N9=2,N10=2,N11=1,N12=2,N13=2,N14=2,N15=2,N16=1,N17=2"
"50","2","2","2","1","2","2","N1=1,N2=2,N3=1,N4=1,N5=1,N6=2,N7=2,N8=2,N9=1,N10=2,N11=2,N12=1,N13=2,N14=2,N15=1,N16=2,N17=2"
"50","2","2","2","1","2","2","N1=1,N2=2,N3=1,N4=1,N5=1,N6=1,N7=1,N8=1,N9=2,N10=1,N11=2,N12=2,N13=2,N14=2,N15=1,N16=1,N17=2"
"50","2","2","2","1","2","2","N1=1,N2=2,N3=1,N4=2,N5=2,N6=1,N7=2,N8=1,N9=2,N10=2,N11=2,N12=2,N13=1,N14=2,N15=2,N16=1,N17=1"
"50","2","2","2","1","2","2","N1=2,N2=2,N3=1,N4=2,N5=1,N6=1,N7=2,N8=1,N9=2,N10=2,N11=2,N12=1,N13=2,N14=1,N15=1,N16=1,N17=2"
"50","2","2","2","1","2","2","N1=2,N2=2,N3=1,N4=1,N5=2,N6=1,N7=2,N8=1,N9=1,N10=2,N11=1,N12=2,N13=1,N14=1,N15=1,N16=1,N17=1"
"51","2","1","1","2","1","2","N1=1,N2=1,N3=1,N4=1,N5=1,N6=2,N7=2,N8=1,N9=1,N10=2,N11=1,N12=2,N13=1,N14=2,N15=1,N16=2,N17=2"
"51","2","1","1","2","1","2","N1=1,N2=2,N3=1,N4=1,N5=1,N6=2,N7=2,N8=2,N9=2,N10=2,N11=1,N12=2,N13=1,N14=2,N15=1,N16=1,N17=2"
"51","2","1","1","2","1","2","N1=1,N2=2,N3=2,N4=1,N5=1,N6=1,N7=2,N8=1,N9=2,N10=2,N11=2,N12=2,N13=1,N14=1,N15=2,N16=1,N17=2"
"51","2","1","1","2","1","2","N1=1,N2=2,N3=1,N4=2,N5=2,N6=2,N7=2,N8=1,N9=2,N10=2,N11=1,N12=1,N13=2,N14=2,N15=2,N16=2,N17=2"
"51","2","1","1","2","1","2","N1=1,N2=1,N3=2,N4=1,N5=2,N6=1,N7=2,N8=1,N9=2,N10=1,N11=1,N12=2,N13=1,N14=1,N15=1,N16=1,N17=2"
"51","2","1","1","2","1","2","N1=1,N2=2,N3=1,N4=2,N5=1,N6=2,N7=2,N8=1,N9=1,N10=2,N11=1,N12=2,N13=1,N14=2,N15=2,N16=1,N17=1"
"51","2","1","1","2","1","2","N1=1,N2=2,N3=2,N4=1,N5=1,N6=2,N7=2,N8=1,N9=1,N10=2,N11=2,N12=1,N13=2,N14=2,N15=2,N16=1,N17=2"
"51","2","1","1","2","1","2","N1=1,N2=2,N3=1,N4=1,N5=1,N6=2,N7=2,N8=1,N9=2,N10=2,N11=1,N12=2,N13=1,N14=2,N15=2,N16=1,N17=2"
"51","2","1","1","2","1","2","N1=1,N2=2,N3=1,N4=1,N5=1,N6=2,N7=2,N8=2,N9=1,N10=2,N11=1,N12=1,N13=1,N14=2,N15=2,N16=1,N17=2"
"51","2","1","1","2","1","2","N1=1,N2=2,N3=1,N4=1,N5=1,N6=1,N7=1,N8=2,N9=1,N10=2,N11=1,N12=2,N13=2,N14=2,N15=1,N16=1,N17=2"
"52","2","1","2","1","2","1","N1=1,N2=1,N3=1,N4=1,N5=1,N6=1,N7=2,N8=1,N9=1,N10=1,N11=1,N12=1,N13=2,N14=1,N15=1,N16=2,N17=2"
"52","2","1","2","1","2","1","N1=1,N2=1,N3=2,N4=2,N5=1,N6=1,N7=1,N8=1,N9=2,N10=2,N11=2,N12=1,N13=2,N14=1,N15=1,N16=1,N17=1"
"52","2","1","2","1","2","1","N1=1,N2=1,N3=1,N4=2,N5=2,N6=2,N7=2,N8=1,N9=1,N10=2,N11=1,N12=1,N13=1,N14=2,N15=2,N16=2,N17=2"
"52","2","1","2","1","2","1","N1=1,N2=2,N3=1,N4=1,N5=1,N6=1,N7=2,N8=1,N9=2,N10=2,N11=2,N12=1,N13=2,N14=2,N15=2,N16=1,N17=2"
"52","2","1","2","1","2","1","N1=1,N2=2,N3=2,N4=2,N5=2,N6=2,N7=2,N8=1,N9=1,N10=1,N11=1,N12=1,N13=2,N14=2,N15=1,N16=2,N17=1"
"52","2","1","2","1","2","1","N1=1,N2=1,N3=1,N4=1,N5=2,N6=1,N7=1,N8=1,N9=1,N10=2,N11=1,N12=1,N13=1,N14=2,N15=2,N16=2,N17=1"
"52","2","1","2","1","2","1","N1=1,N2=2,N3=1,N4=2,N5=1,N6=1,N7=2,N8=1,N9=2,N10=2,N11=2,N12=2,N13=1,N14=2,N15=2,N16=2,N17=2"
"52","2","1","2","1","2","1","N1=1,N2=2,N3=1,N4=2,N5=2,N6=2,N7=1,N8=1,N9=2,N10=1,N11=1,N12=2,N13=2,N14=2,N15=2,N16=1,N17=1"
"52","2","1","2","1","2","1","N1=1,N2=2,N3=2,N4=1,N5=1,N6=2,N7=2,N8=1,N9=1,N10=2,N11=1,N12=1,N13=1,N14=2,N15=1,N16=1,N17=2"
"52","2","1","2","1","2","1","N1=2,N2=1,N3=2,N4=1,N5=1,N6=2,N7=2,N8=1,N9=2,N10=2,N11=2,N12=1,N13=2,N14=1,N15=1,N16=2,N17=2"
"53","2","2","1","1","2","1","N1=2,N2=2,N3=1,N4=1,N5=1,N6=2,N7=2,N8=1,N9=1,N10=1,N11=1,N12=1,N13=2,N14=1,N15=1,N16=1,N17=2"
"53","2","2","1","1","2","1","N1=1,N2=2,N3=1,N4=1,N5=1,N6=2,N7=2,N8=2,N9=1,N10=2,N11=2,N12=2,N13=1,N14=1,N15=1,N16=1,N17=2"
"53","2","2","1","1","2","1","N1=1,N2=2,N3=1,N4=1,N5=1,N6=1,N7=2,N8=2,N9=1,N10=2,N11=1,N12=2,N13=2,N14=1,N15=1,N16=1,N17=1"
"53","2","2","1","1","2","1","N1=1,N2=2,N3=1,N4=2,N5=2,N6=2,N7=2,N8=1,N9=2,N10=2,N11=1,N12=1,N13=2,N14=1,N15=1,N16=1,N17=1"
"53","2","2","1","1","2","1","N1=1,N2=1,N3=1,N4=1,N5=2,N6=1,N7=2,N8=2,N9=1,N10=2,N11=1,N12=1,N13=1,N14=2,N15=2,N16=2,N17=2"
"53","2","2","1","1","2","1","N1=1,N2=2,N3=2,N4=2,N5=2,N6=2,N7=2,N8=1,N9=2,N10=2,N11=1,N12=1,N13=2,N14=2,N15=2,N16=1,N17=1"
"53","2","2","1","1","2","1","N1=1,N2=1,N3=1,N4=1,N5=1,N6=2,N7=2,N8=2,N9=2,N10=2,N11=1,N12=1,N13=1,N14=2,N15=2,N16=1,N17=2"
"53","2","2","1","1","2","1","N1=1,N2=1,N3=1,N4=1,N5=1,N6=2,N7=2,N8=2,N9=2,N10=2,N11=1,N12=2,N13=2,N14=2,N15=2,N16=1,N17=2"
"53","2","2","1","1","2","1","N1=1,N2=1,N3=1,N4=1,N5=1,N6=1,N7=2,N8=2,N9=1,N10=2,N11=2,N12=2,N13=1,N14=2,N15=2,N16=1,N17=2"
"53","2","2","1","1","2","1","N1=1,N2=1,N3=1,N4=2,N5=2,N6=2,N7=2,N8=1,N9=2,N10=2,N11=1,N12=1,N13=2,N14=1,N15=1,N16=1,N17=1"
"54","2","2","1","1","1","1","N1=1,N2=1,N3=1,N4=1,N5=1,N6=2,N7=2,N8=1,N9=2,N10=1,N11=1,N12=2,N13=1,N14=1,N15=1,N16=1,N17=1"
"54","2","2","1","1","1","1","N1=1,N2=1,N3=1,N4=2,N5=1,N6=2,N7=2,N8=2,N9=1,N10=2,N11=1,N12=1,N13=2,N14=1,N15=1,N16=1,N17=1"
"54","2","2","1","1","1","1","N1=2,N2=1,N3=1,N4=1,N5=1,N6=1,N7=2,N8=2,N9=1,N10=2,N11=1,N12=1,N13=1,N14=1,N15=2,N16=1,N17=2"
"54","2","2","1","1","1","1","N1=2,N2=2,N3=2,N4=2,N5=2,N6=1,N7=1,N8=1,N9=2,N10=2,N11=1,N12=2,N13=2,N14=1,N15=2,N16=2,N17=2"
"54","2","2","1","1","1","1","N1=1,N2=2,N3=1,N4=1,N5=2,N6=1,N7=2,N8=1,N9=1,N10=2,N11=2,N12=1,N13=1,N14=2,N15=1,N16=1,N17=2"
"54","2","2","1","1","1","1","N1=1,N2=1,N3=2,N4=2,N5=2,N6=2,N7=2,N8=2,N9=1,N10=2,N11=2,N12=2,N13=1,N14=1,N15=1,N16=1,N17=1"
"54","2","2","1","1","1","1","N1=1,N2=1,N3=2,N4=1,N5=1,N6=1,N7=1,N8=2,N9=2,N10=1,N11=1,N12=1,N13=1,N14=1,N15=1,N16=2,N17=2"
"54","2","2","1","1","1","1","N1=2,N2=1,N3=2,N4=2,N5=1,N6=1,N7=1,N8=1,N9=1,N10=2,N11=2,N12=1,N13=2,N14=2,N15=1,N16=2,N17=2"
"54","2","2","1","1","1","1","N1=2,N2=2,N3=2,N4=1,N5=2,N6=2,N7=2,N8=1,N9=2,N10=1,N11=2,N12=2,N13=1,N14=2,N15=1,N16=1,N17=1"
"54","2","2","1","1","1","1","N1=2,N2=2,N3=1,N4=1,N5=1,N6=1,N7=1,N8=2,N9=2,N10=1,N11=1,N12=2,N13=1,N14=1,N15=2,N16=1,N17=2"
"55","2","1","1","1","1","1","N1=1,N2=1,N3=1,N4=1,N5=1,N6=2,N7=2,N8=1,N9=2,N10=1,N11=1,N12=2,N13=2,N14=1,N15=1,N16=1,N17=1"
"55","2","1","1","1","1","1","N1=1,N2=1,N3=1,N4=1,N5=2,N6=1,N7=2,N8=1,N9=2,N10=2,N11=1,N12=2,N13=1,N14=1,N15=2,N16=1,N17=1"
"55","2","1","1","1","1","1","N1=1,N2=2,N3=1,N4=2,N5=1,N6=2,N7=2,N8=2,N9=2,N10=2,N11=2,N12=1,N13=1,N14=1,N15=1,N16=1,N17=1"
"55","2","1","1","1","1","1","N1=1,N2=2,N3=1,N4=1,N5=2,N6=1,N7=2,N8=2,N9=2,N10=2,N11=2,N12=2,N13=2,N14=2,N15=2,N16=1,N17=1"
"55","2","1","1","1","1","1","N1=1,N2=1,N3=1,N4=2,N5=1,N6=2,N7=1,N8=2,N9=1,N10=1,N11=1,N12=2,N13=1,N14=2,N15=2,N16=1,N17=2"
"55","2","1","1","1","1","1","N1=2,N2=2,N3=1,N4=1,N5=1,N6=2,N7=2,N8=2,N9=1,N10=2,N11=1,N12=2,N13=2,N14=1,N15=2,N16=1,N17=1"
"55","2","1","1","1","1","1","N1=1,N2=2,N3=1,N4=1,N5=1,N6=2,N7=2,N8=2,N9=1,N10=2,N11=1,N12=1,N13=2,N14=2,N15=2,N16=1,N17=1"
"55","2","1","1","1","1","1","N1=2,N2=1,N3=2,N4=1,N5=1,N6=2,N7=2,N8=2,N9=2,N10=2,N11=1,N12=1,N13=1,N14=2,N15=2,N16=1,N17=1"
"55","2","1","1","1","1","1","N1=2,N2=2,N3=1,N4=1,N5=1,N6=1,N7=2,N8=2,N9=2,N10=2,N11=1,N12=1,N13=1,N14=1,N15=2,N16=2,N17=1"
"55","2","1","1","1","1","1","N1=2,N2=2,N3=2,N4=2,N5=2,N6=2,N7=1,N8=1,N9=1,N10=2,N11=1,N12=1,N13=2,N14=1,N15=2,N16=1,N17=1"
"56","2","2","2","1","2","2","N1=2,N2=1,N3=1,N4=1,N5=1,N6=1,N7=2,N8=1,N9=1,N10=2,N11=1,N12=1,N13=1,N14=1,N15=1,N16=2,N17=2"
"56","2","2","2","1","2","2","N1=1,N2=2,N3=2,N4=2,N5=2,N6=2,N7=1,N8=2,N9=1,N10=1,N11=1,N12=1,N13=2,N14=2,N15=1,N16=1,N17=2"
"56","2","2","2","1","2","2","N1=1,N2=1,N3=1,N4=1,N5=2,N6=1,N7=2,N8=2,N9=2,N10=2,N11=2,N12=2,N13=1,N14=2,N15=1,N16=2,N17=2"
"56","2","2","2","1","2","2","N1=1,N2=2,N3=2,N4=2,N5=1,N6=2,N7=2,N8=2,N9=1,N10=2,N11=2,N12=2,N13=1,N14=1,N15=2,N16=1,N17=1"
"56","2","2","2","1","2","2","N1=2,N2=1,N3=1,N4=1,N5=1,N6=1,N7=2,N8=2,N9=2,N10=2,N11=1,N12=1,N13=2,N14=1,N15=2,N16=1,N17=1"
"56","2","2","2","1","2","2","N1=2,N2=1,N3=1,N4=2,N5=2,N6=2,N7=2,N8=1,N9=2,N10=2,N11=2,N12=1,N13=1,N14=2,N15=2,N16=1,N17=1"
"56","2","2","2","1","2","2","N1=2,N2=2,N3=1,N4=1,N5=1,N6=2,N7=1,N8=2,N9=1,N10=2,N11=1,N12=2,N13=1,N14=1,N15=1,N16=1,N17=2"
"56","2","2","2","1","2","2","N1=2,N2=2,N3=1,N4=1,N5=1,N6=2,N7=2,N8=2,N9=1,N10=2,N11=1,N12=1,N13=1,N14=2,N15=1,N16=1,N17=2"
"56","2","2","2","1","2","2","N1=1,N2=2,N3=2,N4=1,N5=1,N6=2,N7=2,N8=2,N9=1,N10=2,N11=1,N12=2,N13=2,N14=1,N15=1,N16=1,N17=2"
"56","2","2","2","1","2","2","N1=1,N2=2,N3=2,N4=1,N5=1,N6=1,N7=2,N8=2,N9=2,N10=2,N11=2,N12=1,N13=1,N14=2,N15=1,N16=1,N17=2"
"57","2","1","1","1","2","2","N1=1,N2=1,N3=1,N4=1,N5=1,N6=1,N7=1,N8=1,N9=2,N10=1,N11=1,N12=1,N13=2,N14=2,N15=1,N16=1,N17=1"
"57","2","1","1","1","2","2","N1=1,N2=2,N3=1,N4=2,N5=2,N6=2,N7=2,N8=1,N9=2,N10=2,N11=2,N12=2,N13=1,N14=1,N15=2,N16=1,N17=2"
"57","2","1","1","1","2","2","N1=1,N2=1,N3=1,N4=1,N5=1,N6=2,N7=2,N8=1,N9=1,N10=2,N11=2,N12=1,N13=2,N14=2,N15=2,N16=1,N17=2"
"57","2","1","1","1","2","2","N1=1,N2=1,N3=1,N4=2,N5=1,N6=1,N7=2,N8=2,N9=1,N10=2,N11=1,N12=1,N13=1,N14=2,N15=2,N16=2,N17=2"
"57","2","1","1","1","2","2","N1=1,N2=1,N3=2,N4=2,N5=2,N6=1,N7=2,N8=1,N9=2,N10=2,N11=2,N12=1,N13=2,N14=2,N15=2,N16=1,N17=2"
"57","2","1","1","1","2","2","N1=2,N2=1,N3=2,N4=1,N5=1,N6=1,N7=2,N8=1,N9=2,N10=2,N11=2,N12=2,N13=1,N14=1,N15=2,N16=1,N17=2"
"57","2","1","1","1","2","2","N1=2,N2=2,N3=2,N4=2,N5=2,N6=2,N7=1,N8=2,N9=2,N10=2,N11=1,N12=2,N13=2,N14=1,N15=2,N16=2,N17=2"
"57","2","1","1","1","2","2","N1=1,N2=2,N3=2,N4=1,N5=1,N6=1,N7=1,N8=2,N9=1,N10=2,N11=2,N12=2,N13=2,N14=2,N15=1,N16=1,N17=1"
"57","2","1","1","1","2","2","N1=1,N2=2,N3=1,N4=2,N5=2,N6=2,N7=2,N8=2,N9=2,N10=2,N11=1,N12=1,N13=1,N14=1,N15=1,N16=1,N17=2"
"57","2","1","1","1","2","2","N1=1,N2=1,N3=2,N4=1,N5=2,N6=2,N7=1,N8=2,N9=2,N10=2,N11=1,N12=2,N13=2,N14=2,N15=2,N16=2,N17=2"
"58","2","2","1","2","1","1","N1=1,N2=1,N3=1,N4=1,N5=1,N6=2,N7=2,N8=2,N9=1,N10=1,N11=1,N12=2,N13=1,N14=1,N15=2,N16=2,N17=1"
"58","2","2","1","2","1","1","N1=1,N2=1,N3=2,N4=1,N5=2,N6=1,N7=1,N8=1,N9=1,N10=2,N11=2,N12=1,N13=1,N14=2,N15=2,N16=1,N17=1"
"58","2","2","1","2","1","1","N1=2,N2=1,N3=1,N4=2,N5=1,N6=1,N7=2,N8=1,N9=2,N10=2,N11=1,N12=2,N13=1,N14=1,N15=2,N16=1,N17=2"
"58","2","2","1","2","1","1","N1=2,N2=2,N3=1,N4=2,N5=2,N6=1,N7=2,N8=1,N9=2,N10=2,N11=1,N12=2,N13=2,N14=2,N15=2,N16=2,N17=2"
"58","2","2","1","2","1","1","N1=2,N2=2,N3=2,N4=1,N5=1,N6=2,N7=2,N8=2,N9=1,N10=2,N11=2,N12=1,N13=1,N14=2,N15=2,N16=1,N17=2"
"58","2","2","1","2","1","1","N1=2,N2=2,N3=1,N4=1,N5=1,N6=2,N7=2,N8=2,N9=1,N10=2,N11=2,N12=2,N13=1,N14=1,N15=2,N16=2,N17=2"
"58","2","2","1","2","1","1","N1=1,N2=2,N3=1,N4=1,N5=1,N6=2,N7=2,N8=2,N9=2,N10=1,N11=1,N12=2,N13=2,N14=2,N15=1,N16=1,N17=2"
"58","2","2","1","2","1","1","N1=1,N2=2,N3=1,N4=1,N5=1,N6=2,N7=2,N8=2,N9=1,N10=2,N11=1,N12=2,N13=2,N14=2,N15=2,N16=1,N17=1"
"58","2","2","1","2","1","1","N1=1,N2=2,N3=1,N4=1,N5=1,N6=1,N7=1,N8=2,N9=1,N10=2,N11=2,N12=1,N13=1,N14=2,N15=2,N16=1,N17=1"
"58","2","2","1","2","1","1","N1=1,N2=2,N3=2,N4=2,N5=2,N6=2,N7=2,N8=1,N9=2,N10=2,N11=1,N12=2,N13=1,N14=2,N15=2,N16=1,N17=2"
"59","2","2","1","1","1","2","N1=1,N2=1,N3=2,N4=1,N5=1,N6=2,N7=2,N8=1,N9=2,N10=2,N11=2,N12=2,N13=2,N14=1,N15=1,N16=1,N17=2"
"59","2","2","1","1","1","2","N1=1,N2=2,N3=2,N4=2,N5=1,N6=2,N7=1,N8=1,N9=1,N10=2,N11=2,N12=2,N13=1,N14=1,N15=2,N16=2,N17=2"
"59","2","2","1","1","1","2","N1=2,N2=1,N3=2,N4=1,N5=1,N6=2,N7=1,N8=1,N9=1,N10=2,N11=1,N12=2,N13=2,N14=1,N15=2,N16=1,N17=2"
"59","2","2","1","1","1","2","N1=2,N2=2,N3=2,N4=1,N5=1,N6=1,N7=2,N8=1,N9=1,N10=2,N11=1,N12=2,N13=1,N14=2,N15=2,N16=1,N17=2"
"59","2","2","1","1","1","2","N1=1,N2=2,N3=1,N4=2,N5=2,N6=2,N7=2,N8=1,N9=1,N10=2,N11=1,N12=1,N13=1,N14=2,N15=2,N16=1,N17=1"
"59","2","2","1","1","1","2","N1=1,N2=1,N3=2,N4=1,N5=2,N6=2,N7=2,N8=1,N9=1,N10=2,N11=2,N12=1,N13=1,N14=2,N15=2,N16=1,N17=1"
"59","2","2","1","1","1","2","N1=1,N2=2,N3=2,N4=1,N5=1,N6=1,N7=2,N8=1,N9=2,N10=2,N11=2,N12=2,N13=1,N14=2,N15=2,N16=1,N17=2"
"59","2","2","1","1","1","2","N1=1,N2=2,N3=1,N4=2,N5=2,N6=1,N7=2,N8=1,N9=2,N10=2,N11=1,N12=1,N13=2,N14=1,N15=2,N16=1,N17=1"
"59","2","2","1","1","1","2","N1=1,N2=1,N3=1,N4=1,N5=1,N6=1,N7=2,N8=1,N9=2,N10=2,N11=1,N12=1,N13=2,N14=1,N15=2,N16=2,N17=1"
"59","2","2","1","1","1","2","N1=2,N2=2,N3=2,N4=2,N5=2,N6=2,N7=1,N8=2,N9=2,N10=2,N11=1,N12=1,N13=2,N14=1,N15=2,N16=2,N17=1"
"60","2","1","1","1","1","2","N1=1,N2=1,N3=1,N4=1,N5=1,N6=1,N7=2,N8=1,N9=2,N10=1,N11=1,N12=1,N13=1,N14=1,N15=2,N16=1,N17=2"
"60","2","1","1","1","1","2","N1=1,N2=1,N3=1,N4=2,N5=2,N6=1,N7=2,N8=1,N9=1,N10=2,N11=1,N12=2,N13=1,N14=2,N15=1,N16=1,N17=2"
"60","2","1","1","1","1","2","N1=1,N2=2,N3=1,N4=1,N5=1,N6=2,N7=2,N8=1,N9=1,N10=2,N11=2,N12=1,N13=2,N14=1,N15=1,N16=2,N17=2"
"60","2","1","1","1","1","2","N1=1,N2=2,N3=1,N4=1,N5=1,N6=1,N7=2,N8=1,N9=1,N10=2,N11=2,N12=2,N13=2,N14=1,N15=1,N16=1,N17=1"
"60","2","1","1","1","1","2","N1=1,N2=2,N3=2,N4=2,N5=2,N6=1,N7=1,N8=2,N9=2,N10=2,N11=1,N12=1,N13=1,N14=2,N15=1,N16=1,N17=2"
"60","2","1","1","1","1","2","N1=1,N2=2,N3=2,N4=1,N5=1,N6=2,N7=2,N8=1,N9=2,N10=2,N11=2,N12=2,N13=2,N14=1,N15=1,N16=1,N17=2"
"60","2","1","1","1","1","2","N1=1,N2=2,N3=1,N4=1,N5=1,N6=1,N7=2,N8=2,N9=1,N10=2,N11=1,N12=2,N13=1,N14=1,N15=1,N16=1,N17=2"
"60","2","1","1","1","1","2","N1=2,N2=1,N3=2,N4=2,N5=2,N6=2,N7=1,N8=2,N9=1,N10=2,N11=1,N12=2,N13=1,N14=1,N15=1,N16=2,N17=2"
"60","2","1","1","1","1","2","N1=1,N2=1,N3=2,N4=1,N5=2,N6=2,N7=1,N8=2,N9=1,N10=1,N11=2,N12=1,N13=2,N14=2,N15=2,N16=2,N17=1"
"60","2","1","1","1","1","2","N1=1,N2=2,N3=2,N4=1,N5=1,N6=2,N7=2,N8=2,N9=1,N10=2,N11=1,N12=2,N13=1,N14=2,N15=2,N16=1,N17=2"
"61","2","2","2","2","2","1","N1=1,N2=1,N3=1,N4=1,N5=1,N6=2,N7=2,N8=1,N9=1,N10=1,N11=1,N12=1,N13=1,N14=2,N15=1,N16=2,N17=2"
"61","2","2","2","2","2","1","N1=1,N2=2,N3=1,N4=1,N5=2,N6=2,N7=2,N8=2,N9=1,N10=1,N11=2,N12=2,N13=2,N14=1,N15=1,N16=1,N17=2"
"61","2","2","2","2","2","1","N1=1,N2=1,N3=1,N4=1,N5=1,N6=2,N7=2,N8=2,N9=1,N10=1,N11=1,N12=2,N13=1,N14=2,N15=2,N16=1,N17=2"
"61","2","2","2","2","2","1","N1=1,N2=1,N3=2,N4=1,N5=2,N6=1,N7=2,N8=1,N9=1,N10=2,N11=2,N12=1,N13=2,N14=2,N15=2,N16=1,N17=2"
"61","2","2","2","2","2","1","N1=1,N2=1,N3=2,N4=2,N5=2,N6=2,N7=2,N8=2,N9=2,N10=2,N11=1,N12=2,N13=1,N14=2,N15=2,N16=1,N17=1"
"61","2","2","2","2","2","1","N1=2,N2=1,N3=2,N4=1,N5=2,N6=2,N7=2,N8=2,N9=1,N10=2,N11=2,N12=1,N13=2,N14=2,N15=2,N16=1,N17=2"
"61","2","2","2","2","2","1","N1=2,N2=2,N3=2,N4=1,N5=1,N6=2,N7=2,N8=1,N9=2,N10=2,N11=1,N12=1,N13=1,N14=1,N15=2,N16=1,N17=1"
"61","2","2","2","2","2","1","N1=2,N2=2,N3=1,N4=1,N5=1,N6=2,N7=2,N8=2,N9=2,N10=1,N11=1,N12=2,N13=1,N14=1,N15=1,N16=1,N17=1"
"61","2","2","2","2","2","1","N1=1,N2=2,N3=1,N4=1,N5=1,N6=1,N7=2,N8=1,N9=2,N10=2,N11=2,N12=2,N13=1,N14=1,N15=1,N16=1,N17=1"
"61","2","2","2","2","2","1","N1=1,N2=2,N3=1,N4=2,N5=2,N6=2,N7=2,N8=1,N9=2,N10=2,N11=1,N12=1,N13=2,N14=2,N15=2,N16=1,N17=1"
"62","2","2","2","1","1","2","N1=1,N2=1,N3=1,N4=1,N5=1,N6=2,N7=2,N8=2,N9=1,N10=1,N11=1,N12=2,N13=2,N14=1,N15=1,N16=1,N17=1"
"62","2","2","2","1","1","2","N1=1,N2=1,N3=2,N4=1,N5=1,N6=2,N7=1,N8=1,N9=1,N10=2,N11=1,N12=1,N13=2,N14=1,N15=1,N16=2,N17=1"
"62","2","2","2","1","1","2","N1=1,N2=1,N3=2,N4=1,N5=1,N6=2,N7=1,N8=1,N9=1,N10=2,N11=1,N12=1,N13=2,N14=2,N15=2,N16=2,N17=2"
"62","2","2","2","1","1","2","N1=1,N2=1,N3=1,N4=1,N5=1,N6=2,N7=2,N8=1,N9=2,N10=2,N11=1,N12=2,N13=2,N14=2,N15=2,N16=1,N17=2"
"62","2","2","2","1","1","2","N1=2,N2=2,N3=2,N4=1,N5=1,N6=2,N7=2,N8=1,N9=1,N10=2,N11=1,N12=2,N13=1,N14=2,N15=1,N16=2,N17=2"
"62","2","2","2","1","1","2","N1=1,N2=2,N3=1,N4=1,N5=1,N6=1,N7=2,N8=1,N9=1,N10=2,N11=2,N12=1,N13=1,N14=1,N15=2,N16=1,N17=2"
"62","2","2","2","1","1","2","N1=1,N2=2,N3=2,N4=2,N5=2,N6=2,N7=1,N8=2,N9=2,N10=2,N11=2,N12=1,N13=2,N14=2,N15=2,N16=2,N17=2"
"62","2","2","2","1","1","2","N1=1,N2=1,N3=1,N4=1,N5=1,N6=2,N7=2,N8=2,N9=2,N10=2,N11=2,N12=2,N13=2,N14=2,N15=2,N16=1,N17=2"
"62","2","2","2","1","1","2","N1=1,N2=1,N3=1,N4=1,N5=2,N6=2,N7=2,N8=2,N9=1,N10=2,N11=2,N12=2,N13=1,N14=2,N15=1,N16=1,N17=2"
"62","2","2","2","1","1","2","N1=1,N2=1,N3=1,N4=1,N5=2,N6=1,N7=1,N8=2,N9=1,N10=2,N11=1,N12=2,N13=1,N14=1,N15=2,N16=2,N17=1"
"63","2","2","1","2","1","2","N1=1,N2=1,N3=1,N4=1,N5=1,N6=1,N7=2,N8=1,N9=1,N10=1,N11=1,N12=1,N13=2,N14=1,N15=1,N16=1,N17=2"
"63","2","2","1","2","1","2","N1=1,N2=1,N3=1,N4=2,N5=2,N6=1,N7=2,N8=1,N9=1,N10=2,N11=1,N12=1,N13=2,N14=2,N15=2,N16=2,N17=2"
"63","2","2","1","2","1","2","N1=1,N2=2,N3=2,N4=1,N5=1,N6=1,N7=2,N8=2,N9=2,N10=2,N11=2,N12=1,N13=1,N14=2,N15=2,N16=1,N17=2"
"63","2","2","1","2","1","2","N1=1,N2=2,N3=2,N4=2,N5=2,N6=1,N7=2,N8=1,N9=1,N10=2,N11=1,N12=1,N13=1,N14=2,N15=2,N16=1,N17=1"
"63","2","2","1","2","1","2","N1=1,N2=1,N3=2,N4=2,N5=1,N6=1,N7=2,N8=2,N9=2,N10=2,N11=1,N12=2,N13=2,N14=2,N15=2,N16=2,N17=2"
"63","2","2","1","2","1","2","N1=2,N2=1,N3=2,N4=1,N5=2,N6=1,N7=2,N8=1,N9=1,N10=2,N11=1,N12=2,N13=1,N14=2,N15=1,N16=1,N17=1"
"63","2","2","1","2","1","2","N1=1,N2=2,N3=2,N4=2,N5=1,N6=1,N7=2,N8=1,N9=1,N10=2,N11=1,N12=1,N13=1,N14=1,N15=2,N16=1,N17=1"
"63","2","2","1","2","1","2","N1=1,N2=2,N3=1,N4=2,N5=2,N6=1,N7=2,N8=2,N9=1,N10=2,N11=1,N12=2,N13=2,N14=1,N15=2,N16=1,N17=2"
"63","2","2","1","2","1","2","N1=1,N2=1,N3=2,N4=2,N5=2,N6=2,N7=1,N8=1,N9=2,N10=2,N11=2,N12=1,N13=1,N14=1,N15=2,N16=1,N17=2"
"63","2","2","1","2","1","2","N1=1,N2=2,N3=2,N4=2,N5=2,N6=1,N7=1,N8=1,N9=1,N10=2,N11=1,N12=1,N13=2,N14=1,N15=1,N16=1,N17=2"
"64","2","1","2","1","2","2","N1=1,N2=1,N3=1,N4=1,N5=1,N6=1,N7=2,N8=1,N9=1,N10=1,N11=1,N12=2,N13=2,N14=1,N15=1,N16=2,N17=1"
"64","2","1","2","1","2","2","N1=1,N2=1,N3=2,N4=2,N5=1,N6=1,N7=1,N8=1,N9=2,N10=2,N11=2,N12=1,N13=1,N14=1,N15=1,N16=2,N17=1"
"64","2","1","2","1","2","2","N1=1,N2=1,N3=2,N4=1,N5=2,N6=2,N7=1,N8=2,N9=2,N10=2,N11=1,N12=1,N13=1,N14=1,N15=2,N16=2,N17=2"
"64","2","1","2","1","2","2","N1=2,N2=1,N3=2,N4=2,N5=1,N6=2,N7=1,N8=1,N9=1,N10=2,N11=2,N12=1,N13=2,N14=2,N15=2,N16=1,N17=1"
"64","2","1","2","1","2","2","N1=2,N2=2,N3=2,N4=1,N5=2,N6=1,N7=2,N8=1,N9=1,N10=2,N11=1,N12=1,N13=1,N14=1,N15=2,N16=2,N17=2"
"64","2","1","2","1","2","2","N1=2,N2=2,N3=2,N4=2,N5=1,N6=1,N7=2,N8=2,N9=2,N10=2,N11=2,N12=1,N13=1,N14=2,N15=2,N16=2,N17=1"
"64","2","1","2","1","2","2","N1=1,N2=2,N3=1,N4=2,N5=2,N6=2,N7=1,N8=2,N9=1,N10=1,N11=1,N12=1,N13=2,N14=2,N15=1,N16=1,N17=2"
"64","2","1","2","1","2","2","N1=2,N2=2,N3=1,N4=1,N5=2,N6=2,N7=2,N8=2,N9=1,N10=2,N11=1,N12=2,N13=1,N14=1,N15=1,N16=1,N17=2"
"64","2","1","2","1","2","2","N1=2,N2=1,N3=1,N4=1,N5=2,N6=1,N7=2,N8=2,N9=2,N10=2,N11=1,N12=2,N13=1,N14=1,N15=2,N16=2,N17=2"
"64","2","1","2","1","2","2","N1=2,N2=1,N3=1,N4=2,N5=1,N6=1,N7=2,N8=2,N9=2,N10=2,N11=2,N12=2,N13=1,N14=2,N15=2,N16=1,N17=1"
"65","2","1","2","1","1","1","N1=1,N2=1,N3=1,N4=1,N5=1,N6=2,N7=2,N8=1,N9=1,N10=1,N11=1,N12=2,N13=1,N14=1,N15=2,N16=1,N17=2"
"65","2","1","2","1","1","1","N1=1,N2=1,N3=1,N4=1,N5=1,N6=1,N7=2,N8=2,N9=2,N10=2,N11=2,N12=1,N13=1,N14=1,N15=2,N16=1,N17=2"
"65","2","1","2","1","1","1","N1=1,N2=1,N3=1,N4=2,N5=2,N6=2,N7=2,N8=2,N9=1,N10=2,N11=2,N12=1,N13=2,N14=1,N15=2,N16=1,N17=1"
"65","2","1","2","1","1","1","N1=1,N2=2,N3=1,N4=1,N5=1,N6=1,N7=2,N8=2,N9=2,N10=2,N11=1,N12=2,N13=2,N14=1,N15=2,N16=1,N17=2"
"65","2","1","2","1","1","1","N1=1,N2=1,N3=1,N4=2,N5=2,N6=1,N7=2,N8=2,N9=2,N10=2,N11=2,N12=2,N13=2,N14=2,N15=2,N16=1,N17=2"
"65","2","1","2","1","1","1","N1=1,N2=1,N3=1,N4=1,N5=2,N6=2,N7=2,N8=2,N9=2,N10=2,N11=2,N12=2,N13=1,N14=2,N15=1,N16=1,N17=2"
"65","2","1","2","1","1","1","N1=1,N2=2,N3=1,N4=1,N5=2,N6=1,N7=2,N8=2,N9=2,N10=2,N11=1,N12=1,N13=2,N14=1,N15=2,N16=1,N17=1"
"65","2","1","2","1","1","1","N1=1,N2=1,N3=2,N4=2,N5=2,N6=2,N7=1,N8=1,N9=2,N10=2,N11=1,N12=1,N13=1,N14=1,N15=2,N16=1,N17=2"
"65","2","1","2","1","1","1","N1=1,N2=2,N3=2,N4=1,N5=1,N6=1,N7=1,N8=2,N9=2,N10=2,N11=2,N12=2,N13=2,N14=1,N15=1,N16=1,N17=2"
"65","2","1","2","1","1","1","N1=2,N2=1,N3=2,N4=2,N5=2,N6=2,N7=1,N8=1,N9=2,N10=2,N11=2,N12=1,N13=2,N14=1,N15=2,N16=1,N17=2"
"66","2","1","1","1","1","1","N1=1,N2=2,N3=1,N4=1,N5=1,N6=1,N7=2,N8=1,N9=2,N10=1,N11=1,N12=1,N13=1,N14=1,N15=2,N16=2,N17=2"
"66","2","1","1","1","1","1","N1=2,N2=1,N3=2,N4=2,N5=2,N6=1,N7=1,N8=2,N9=2,N10=2,N11=1,N12=2,N13=2,N14=2,N15=2,N16=1,N17=2"
"66","2","1","1","1","1","1","N1=1,N2=2,N3=1,N4=2,N5=1,N6=2,N7=2,N8=2,N9=2,N10=2,N11=1,N12=2,N13=1,N14=1,N15=1,N16=1,N17=2"
"66","2","1","1","1","1","1","N1=1,N2=2,N3=1,N4=1,N5=1,N6=2,N7=2,N8=2,N9=1,N10=2,N11=2,N12=1,N13=1,N14=1,N15=1,N16=1,N17=1"
"66","2","1","1","1","1","1","N1=2,N2=1,N3=2,N4=1,N5=1,N6=1,N7=1,N8=1,N9=2,N10=2,N11=2,N12=1,N13=2,N14=2,N15=1,N16=2,N17=1"
"66","2","1","1","1","1","1","N1=1,N2=2,N3=2,N4=2,N5=2,N6=1,N7=2,N8=2,N9=1,N10=2,N11=2,N12=1,N13=2,N14=2,N15=2,N16=1,N17=2"
"66","2","1","1","1","1","1","N1=1,N2=1,N3=1,N4=2,N5=1,N6=2,N7=2,N8=1,N9=1,N10=2,N11=1,N12=1,N13=2,N14=2,N15=2,N16=1,N17=1"
"66","2","1","1","1","1","1","N1=1,N2=1,N3=1,N4=1,N5=2,N6=2,N7=2,N8=2,N9=1,N10=2,N11=2,N12=1,N13=1,N14=2,N15=2,N16=1,N17=1"
"66","2","1","1","1","1","1","N1=1,N2=2,N3=1,N4=1,N5=1,N6=1,N7=2,N8=2,N9=1,N10=2,N11=1,N12=1,N13=2,N14=2,N15=2,N16=1,N17=2"
"66","2","1","1","1","1","1","N1=2,N2=1,N3=1,N4=2,N5=2,N6=1,N7=1,N8=1,N9=1,N10=2,N11=1,N12=1,N13=2,N14=1,N15=2,N16=1,N17=2"
"67","2","2","1","1","1","1","N1=1,N2=1,N3=1,N4=1,N5=1,N6=2,N7=2,N8=2,N9=1,N10=1,N11=1,N12=2,N13=1,N14=1,N15=1,N16=1,N17=1"
"67","2","2","1","1","1","1","N1=1,N2=1,N3=2,N4=1,N5=1,N6=2,N7=1,N8=1,N9=1,N10=2,N11=2,N12=1,N13=2,N14=2,N15=1,N16=2,N17=1"
"67","2","2","1","1","1","1","N1=1,N2=1,N3=2,N4=1,N5=1,N6=1,N7=2,N8=1,N9=1,N10=2,N11=2,N12=2,N13=1,N14=2,N15=2,N16=2,N17=2"
"67","2","2","1","1","1","1","N1=1,N2=1,N3=2,N4=2,N5=1,N6=1,N7=2,N8=2,N9=1,N10=2,N11=2,N12=1,N13=2,N14=2,N15=2,N16=1,N17=1"
"67","2","2","1","1","1","1","N1=1,N2=1,N3=2,N4=1,N5=1,N6=1,N7=2,N8=1,N9=2,N10=2,N11=1,N12=1,N13=1,N14=2,N15=2,N16=1,N17=2"
"67","2","2","1","1","1","1","N1=1,N2=1,N3=2,N4=2,N5=2,N6=2,N7=2,N8=2,N9=1,N10=2,N11=1,N12=1,N13=2,N14=2,N15=2,N16=2,N17=2"
"67","2","2","1","1","1","1","N1=1,N2=2,N3=2,N4=2,N5=1,N6=2,N7=1,N8=1,N9=1,N10=2,N11=2,N12=1,N13=1,N14=2,N15=2,N16=1,N17=2"
"67","2","2","1","1","1","1","N1=1,N2=1,N3=2,N4=1,N5=1,N6=1,N7=2,N8=1,N9=1,N10=2,N11=1,N12=1,N13=1,N14=2,N15=2,N16=1,N17=1"
"67","2","2","1","1","1","1","N1=1,N2=2,N3=1,N4=2,N5=2,N6=1,N7=2,N8=1,N9=2,N10=2,N11=2,N12=2,N13=2,N14=2,N15=2,N16=2,N17=2"
"67","2","2","1","1","1","1","N1=1,N2=1,N3=2,N4=1,N5=1,N6=2,N7=2,N8=2,N9=2,N10=2,N11=2,N12=1,N13=2,N14=2,N15=2,N16=1,N17=2"
"68","2","1","2","1","2","1","N1=1,N2=1,N3=1,N4=1,N5=1,N6=2,N7=2,N8=2,N9=1,N10=1,N11=1,N12=2,N13=2,N14=2,N15=2,N16=1,N17=2"
"68","2","1","2","1","2","1","N1=1,N2=2,N3=2,N4=1,N5=1,N6=2,N7=2,N8=1,N9=1,N10=2,N11=2,N12=2,N13=2,N14=2,N15=1,N16=1,N17=2"
"68","2","1","2","1","2","1","N1=1,N2=2,N3=2,N4=1,N5=1,N6=1,N7=2,N8=1,N9=2,N10=2,N11=2,N12=2,N13=2,N14=2,N15=1,N16=1,N17=2"
"68","2","1","2","1","2","1","N1=2,N2=2,N3=1,N4=2,N5=2,N6=2,N7=2,N8=1,N9=2,N10=2,N11=2,N12=2,N13=1,N14=2,N15=2,N16=1,N17=1"
"68","2","1","2","1","2","1","N1=1,N2=2,N3=2,N4=1,N5=2,N6=2,N7=2,N8=2,N9=1,N10=1,N11=1,N12=2,N13=2,N14=1,N15=1,N16=1,N17=1"
"68","2","1","2","1","2","1","N1=1,N2=1,N3=1,N4=1,N5=1,N6=2,N7=2,N8=2,N9=1,N10=2,N11=1,N12=1,N13=1,N14=2,N15=1,N16=1,N17=1"
"68","2","1","2","1","2","1","N1=1,N2=2,N3=2,N4=1,N5=1,N6=1,N7=2,N8=2,N9=2,N10=2,N11=1,N12=1,N13=1,N14=2,N15=1,N16=1,N17=2"
"68","2","1","2","1","2","1","N1=1,N2=2,N3=1,N4=2,N5=2,N6=1,N7=2,N8=2,N9=2,N10=2,N11=2,N12=1,N13=2,N14=2,N15=2,N16=1,N17=2"
"68","2","1","2","1","2","1","N1=1,N2=1,N3=1,N4=1,N5=1,N6=2,N7=2,N8=1,N9=2,N10=2,N11=1,N12=2,N13=1,N14=2,N15=2,N16=1,N17=2"
"68","2","1","2","1","2","1","N1=1,N2=1,N3=2,N4=1,N5=1,N6=2,N7=2,N8=1,N9=1,N10=2,N11=2,N12=1,N13=2,N14=1,N15=2,N16=1,N17=2"
"69","2","1","2","2","2","1","N1=1,N2=1,N3=1,N4=1,N5=1,N6=2,N7=2,N8=1,N9=1,N10=2,N11=1,N12=1,N13=2,N14=2,N15=1,N16=2,N17=2"
"69","2","1","2","2","2","1","N1=1,N2=1,N3=2,N4=1,N5=1,N6=2,N7=2,N8=1,N9=1,N10=2,N11=1,N12=2,N13=1,N14=2,N15=2,N16=2,N17=2"
"69","2","1","2","2","2","1","N1=1,N2=1,N3=2,N4=1,N5=1,N6=1,N7=2,N8=1,N9=1,N10=2,N11=2,N12=2,N13=1,N14=1,N15=2,N16=1,N17=2"
"69","2","1","2","2","2","1","N1=1,N2=1,N3=2,N4=2,N5=2,N6=2,N7=1,N8=2,N9=2,N10=1,N11=2,N12=1,N13=2,N14=2,N15=2,N16=2,N17=2"
"69","2","1","2","2","2","1","N1=1,N2=2,N3=1,N4=1,N5=2,N6=2,N7=1,N8=2,N9=2,N10=1,N11=2,N12=2,N13=1,N14=2,N15=1,N16=1,N17=2"
"69","2","1","2","2","2","1","N1=1,N2=1,N3=1,N4=1,N5=1,N6=2,N7=2,N8=2,N9=2,N10=1,N11=2,N12=2,N13=2,N14=1,N15=1,N16=1,N17=1"
"69","2","1","2","2","2","1","N1=1,N2=1,N3=1,N4=1,N5=1,N6=2,N7=2,N8=2,N9=2,N10=2,N11=1,N12=2,N13=1,N14=1,N15=1,N16=1,N17=2"
"69","2","1","2","2","2","1","N1=2,N2=1,N3=2,N4=1,N5=1,N6=2,N7=1,N8=1,N9=2,N10=2,N11=2,N12=1,N13=2,N14=2,N15=1,N16=2,N17=1"
"69","2","1","2","2","2","1","N1=2,N2=1,N3=2,N4=1,N5=1,N6=1,N7=2,N8=1,N9=1,N10=2,N11=1,N12=1,N13=1,N14=2,N15=1,N16=1,N17=2"
"69","2","1","2","2","2","1","N1=2,N2=2,N3=2,N4=2,N5=2,N6=2,N7=2,N8=2,N9=1,N10=2,N11=2,N12=2,N13=1,N14=2,N15=1,N16=1,N17=1"
"70","2","1","1","1","2","2","N1=1,N2=1,N3=1,N4=1,N5=1,N6=2,N7=2,N8=1,N9=2,N10=1,N11=1,N12=2,N13=1,N14=1,N15=1,N16=1,N17=2"
"70","2","1","1","1","2","2","N1=2,N2=1,N3=1,N4=1,N5=2,N6=1,N7=2,N8=2,N9=2,N10=2,N11=2,N12=2,N13=1,N14=1,N15=2,N16=2,N17=2"
"70","2","1","1","1","2","2","N1=1,N2=2,N3=2,N4=2,N5=1,N6=2,N7=2,N8=1,N9=2,N10=2,N11=1,N12=1,N13=1,N14=2,N15=1,N16=2,N17=1"
"70","2","1","1","1","2","2","N1=2,N2=2,N3=1,N4=1,N5=1,N6=2,N7=2,N8=2,N9=2,N10=2,N11=1,N12=1,N13=2,N14=2,N15=2,N16=1,N17=2"
"70","2","1","1","1","2","2","N1=2,N2=2,N3=1,N4=1,N5=1,N6=1,N7=2,N8=2,N9=2,N10=2,N11=1,N12=2,N13=1,N14=1,N15=1,N16=1,N17=2"
"70","2","1","1","1","2","2","N1=2,N2=2,N3=1,N4=2,N5=2,N6=2,N7=2,N8=1,N9=2,N10=2,N11=1,N12=1,N13=2,N14=2,N15=2,N16=1,N17=2"
"70","2","1","1","1","2","2","N1=1,N2=2,N3=1,N4=1,N5=2,N6=2,N7=1,N8=2,N9=2,N10=2,N11=2,N12=2,N13=1,N14=2,N15=1,N16=1,N17=2"
"70","2","1","1","1","2","2","N1=1,N2=1,N3=1,N4=1,N5=2,N6=2,N7=2,N8=2,N9=1,N10=2,N11=1,N12=1,N13=2,N14=2,N15=2,N16=1,N17=1"
"70","2","1","1","1","2","2","N1=1,N2=2,N3=1,N4=1,N5=1,N6=2,N7=2,N8=2,N9=2,N10=2,N11=2,N12=1,N13=1,N14=1,N15=2,N16=1,N17=2"
"70","2","1","1","1","2","2","N1=2,N2=2,N3=1,N4=1,N5=1,N6=2,N7=2,N8=2,N9=2,N10=2,N11=1,N12=2,N13=1,N14=2,N15=2,N16=1,N17=2"
"71","2","1","2","2","2","1","N1=1,N2=1,N3=1,N4=1,N5=1,N6=2,N7=2,N8=1,N9=1,N10=1,N11=1,N12=2,N13=1,N14=1,N15=2,N16=2,N17=2"
"71","2","1","2","2","2","1","N1=1,N2=2,N3=2,N4=1,N5=1,N6=1,N7=2,N8=1,N9=1,N10=2,N11=2,N12=2,N13=2,N14=2,N15=2,N16=1,N17=1"
"71","2","1","2","2","2","1","N1=1,N2=2,N3=1,N4=2,N5=2,N6=2,N7=2,N8=1,N9=1,N10=2,N11=1,N12=1,N13=2,N14=2,N15=2,N16=1,N17=2"
"71","2","1","2","2","2","1","N1=2,N2=1,N3=1,N4=1,N5=2,N6=2,N7=2,N8=2,N9=2,N10=2,N11=2,N12=2,N13=2,N14=2,N15=2,N16=1,N17=2"
"71","2","1","2","2","2","1","N1=1,N2=2,N3=1,N4=1,N5=1,N6=1,N7=2,N8=2,N9=1,N10=2,N11=2,N12=2,N13=1,N14=1,N15=1,N16=1,N17=1"
"71","2","1","2","2","2","1","N1=1,N2=2,N3=1,N4=2,N5=2,N6=2,N7=2,N8=2,N9=1,N10=1,N11=2,N12=1,N13=2,N14=1,N15=2,N16=1,N17=1"
"71","2","1","2","2","2","1","N1=1,N2=1,N3=1,N4=1,N5=2,N6=1,N7=2,N8=2,N9=2,N10=2,N11=2,N12=2,N13=2,N14=1,N15=2,N16=1,N17=2"
"71","2","1","2","2","2","1","N1=1,N2=2,N3=1,N4=2,N5=1,N6=2,N7=2,N8=2,N9=1,N10=2,N11=2,N12=2,N13=2,N14=2,N15=1,N16=1,N17=1"
"71","2","1","2","2","2","1","N1=2,N2=2,N3=1,N4=1,N5=1,N6=1,N7=2,N8=2,N9=2,N10=2,N11=2,N12=1,N13=1,N14=2,N15=2,N16=1,N17=2"
"71","2","1","2","2","2","1","N1=2,N2=2,N3=2,N4=2,N5=2,N6=2,N7=2,N8=2,N9=1,N10=2,N11=1,N12=1,N13=2,N14=1,N15=2,N16=1,N17=2"
"72","2","1","1","1","1","2","N1=1,N2=1,N3=1,N4=1,N5=1,N6=2,N7=2,N8=1,N9=1,N10=1,N11=1,N12=2,N13=2,N14=1,N15=1,N16=1,N17=1"
"72","2","1","1","1","1","2","N1=2,N2=1,N3=1,N4=1,N5=2,N6=2,N7=2,N8=1,N9=1,N10=2,N11=1,N12=1,N13=2,N14=2,N15=1,N16=2,N17=1"
"72","2","1","1","1","1","2","N1=1,N2=2,N3=1,N4=1,N5=2,N6=1,N7=1,N8=2,N9=1,N10=2,N11=2,N12=1,N13=1,N14=1,N15=1,N16=1,N17=2"
"72","2","1","1","1","1","2","N1=2,N2=2,N3=2,N4=1,N5=1,N6=1,N7=1,N8=2,N9=1,N10=1,N11=1,N12=2,N13=2,N14=2,N15=1,N16=1,N17=1"
"72","2","1","1","1","1","2","N1=1,N2=2,N3=2,N4=1,N5=2,N6=1,N7=2,N8=1,N9=2,N10=1,N11=1,N12=1,N13=2,N14=2,N15=1,N16=1,N17=2"
"72","2","1","1","1","1","2","N1=1,N2=1,N3=1,N4=2,N5=1,N6=1,N7=2,N8=1,N9=1,N10=1,N11=1,N12=1,N13=1,N14=2,N15=1,N16=2,N17=1"
"72","2","1","1","1","1","2","N1=1,N2=1,N3=1,N4=2,N5=2,N6=2,N7=2,N8=1,N9=2,N10=2,N11=2,N12=1,N13=2,N14=2,N15=2,N16=1,N17=1"
"72","2","1","1","1","1","2","N1=1,N2=2,N3=1,N4=1,N5=1,N6=2,N7=1,N8=1,N9=2,N10=2,N11=2,N12=1,N13=1,N14=2,N15=2,N16=1,N17=2"
"72","2","1","1","1","1","2","N1=2,N2=2,N3=2,N4=1,N5=1,N6=1,N7=2,N8=1,N9=2,N10=2,N11=2,N12=2,N13=2,N14=2,N15=1,N16=1,N17=2"
"72","2","1","1","1","1","2","N1=1,N2=2,N3=1,N4=2,N5=2,N6=1,N7=2,N8=1,N9=2,N10=2,N11=1,N12=2,N13=1,N14=2,N15=1,N16=1,N17=1"
"73","2","2","1","1","1","1","N1=1,N2=1,N3=1,N4=1,N5=1,N6=2,N7=1,N8=1,N9=1,N10=2,N11=1,N12=1,N13=2,N14=2,N15=1,N16=1,N17=2"
"73","2","2","1","1","1","1","N1=1,N2=1,N3=1,N4=1,N5=1,N6=1,N7=2,N8=2,N9=1,N10=2,N11=1,N12=2,N13=2,N14=1,N15=2,N16=2,N17=2"
"73","2","2","1","1","1","1","N1=2,N2=1,N3=1,N4=2,N5=2,N6=1,N7=2,N8=1,N9=1,N10=2,N11=2,N12=1,N13=1,N14=2,N15=1,N16=1,N17=1"
"73","2","2","1","1","1","1","N1=2,N2=2,N3=1,N4=1,N5=1,N6=1,N7=1,N8=1,N9=1,N10=2,N11=1,N12=1,N13=2,N14=1,N15=2,N16=1,N17=1"
"73","2","2","1","1","1","1","N1=2,N2=2,N3=1,N4=2,N5=2,N6=2,N7=2,N8=2,N9=1,N10=2,N11=1,N12=2,N13=1,N14=1,N15=2,N16=1,N17=2"
"73","2","2","1","1","1","1","N1=2,N2=1,N3=2,N4=1,N5=1,N6=2,N7=1,N8=1,N9=1,N10=2,N11=2,N12=2,N13=2,N14=2,N15=2,N16=2,N17=1"
"73","2","2","1","1","1","1","N1=2,N2=2,N3=2,N4=1,N5=2,N6=1,N7=2,N8=1,N9=1,N10=2,N11=1,N12=1,N13=1,N14=2,N15=2,N16=1,N17=1"
"73","2","2","1","1","1","1","N1=2,N2=1,N3=2,N4=2,N5=2,N6=1,N7=2,N8=2,N9=2,N10=2,N11=1,N12=2,N13=1,N14=1,N15=2,N16=2,N17=2"
"73","2","2","1","1","1","1","N1=2,N2=1,N3=2,N4=2,N5=2,N6=2,N7=1,N8=1,N9=2,N10=2,N11=1,N12=2,N13=2,N14=2,N15=1,N16=1,N17=2"
"73","2","2","1","1","1","1","N1=1,N2=2,N3=2,N4=1,N5=2,N6=2,N7=2,N8=1,N9=1,N10=2,N11=1,N12=1,N13=1,N14=1,N15=2,N16=1,N17=2"
"74","2","1","1","2","2","1","N1=2,N2=2,N3=1,N4=1,N5=1,N6=2,N7=1,N8=1,N9=1,N10=2,N11=1,N12=2,N13=2,N14=2,N15=1,N16=2,N17=1"
"74","2","1","1","2","2","1","N1=1,N2=2,N3=1,N4=1,N5=1,N6=1,N7=2,N8=2,N9=2,N10=1,N11=2,N12=1,N13=1,N14=1,N15=1,N16=1,N17=1"
"74","2","1","1","2","2","1","N1=1,N2=2,N3=1,N4=2,N5=2,N6=1,N7=2,N8=2,N9=1,N10=2,N11=2,N12=1,N13=1,N14=1,N15=2,N16=1,N17=2"
"74","2","1","1","2","2","1","N1=1,N2=1,N3=1,N4=2,N5=1,N6=2,N7=2,N8=1,N9=2,N10=2,N11=1,N12=1,N13=2,N14=1,N15=2,N16=1,N17=2"
"74","2","1","1","2","2","1","N1=1,N2=1,N3=2,N4=1,N5=1,N6=2,N7=1,N8=1,N9=2,N10=2,N11=1,N12=2,N13=1,N14=1,N15=1,N16=1,N17=1"
"74","2","1","1","2","2","1","N1=1,N2=2,N3=2,N4=1,N5=2,N6=1,N7=1,N8=2,N9=2,N10=2,N11=1,N12=1,N13=1,N14=2,N15=2,N16=2,N17=1"
"74","2","1","1","2","2","1","N1=1,N2=1,N3=1,N4=2,N5=1,N6=2,N7=2,N8=2,N9=1,N10=2,N11=2,N12=1,N13=2,N14=2,N15=2,N16=1,N17=2"
"74","2","1","1","2","2","1","N1=1,N2=1,N3=1,N4=1,N5=2,N6=2,N7=2,N8=2,N9=2,N10=2,N11=2,N12=2,N13=2,N14=2,N15=2,N16=1,N17=1"
"74","2","1","1","2","2","1","N1=1,N2=2,N3=2,N4=1,N5=1,N6=2,N7=2,N8=1,N9=2,N10=2,N11=1,N12=1,N13=1,N14=1,N15=1,N16=1,N17=2"
"74","2","1","1","2","2","1","N1=1,N2=2,N3=1,N4=1,N5=1,N6=2,N7=2,N8=1,N9=2,N10=2,N11=1,N12=2,N13=2,N14=2,N15=2,N16=1,N17=1"
"75","2","1","1","2","1","1","N1=1,N2=1,N3=1,N4=1,N5=1,N6=2,N7=2,N8=1,N9=1,N10=1,N11=1,N12=2,N13=1,N14=1,N15=1,N16=2,N17=2"
"75","2","1","1","2","1","1","N1=2,N2=1,N3=1,N4=1,N5=1,N6=1,N7=2,N8=2,N9=1,N10=2,N11=1,N12=2,N13=1,N14=2,N15=1,N16=2,N17=2"
"75","2","1","1","2","1","1","N1=1,N2=2,N3=1,N4=2,N5=2,N6=2,N7=2,N8=2,N9=1,N10=2,N11=2,N12=1,N13=2,N14=1,N15=1,N16=1,N17=2"
"75","2","1","1","2","1","1","N1=1,N2=1,N3=2,N4=1,N5=2,N6=2,N7=2,N8=1,N9=1,N10=2,N11=2,N12=2,N13=1,N14=1,N15=2,N16=2,N17=2"
"75","2","1","1","2","1","1","N1=2,N2=1,N3=2,N4=1,N5=1,N6=2,N7=1,N8=1,N9=2,N10=2,N11=2,N12=2,N13=2,N14=1,N15=2,N16=1,N17=2"
"75","2","1","1","2","1","1","N1=2,N2=2,N3=2,N4=1,N5=2,N6=2,N7=1,N8=1,N9=1,N10=2,N11=1,N12=2,N13=2,N14=2,N15=1,N16=1,N17=2"
"75","2","1","1","2","1","1","N1=1,N2=2,N3=2,N4=1,N5=2,N6=1,N7=2,N8=1,N9=2,N10=2,N11=2,N12=1,N13=2,N14=2,N15=1,N16=1,N17=1"
"75","2","1","1","2","1","1","N1=2,N2=2,N3=2,N4=2,N5=1,N6=1,N7=2,N8=1,N9=1,N10=2,N11=2,N12=1,N13=1,N14=1,N15=1,N16=1,N17=1"
"75","2","1","1","2","1","1","N1=1,N2=1,N3=1,N4=2,N5=2,N6=2,N7=2,N8=1,N9=1,N10=2,N11=1,N12=2,N13=1,N14=1,N15=2,N16=2,N17=2"
"75","2","1","1","2","1","1","N1=1,N2=2,N3=2,N4=1,N5=2,N6=2,N7=1,N8=1,N9=2,N10=1,N11=2,N12=2,N13=1,N14=2,N15=2,N16=1,N17=1"
"76","2","1","2","1","2","1","N1=2,N2=2,N3=2,N4=1,N5=1,N6=1,N7=2,N8=1,N9=1,N10=1,N11=1,N12=2,N13=2,N14=1,N15=1,N16=1,N17=1"
"76","2","1","2","1","2","1","N1=2,N2=2,N3=2,N4=2,N5=2,N6=2,N7=2,N8=2,N9=2,N10=2,N11=2,N12=1,N13=1,N14=1,N15=1,N16=1,N17=1"
"76","2","1","2","1","2","1","N1=2,N2=2,N3=2,N4=1,N5=2,N6=1,N7=2,N8=2,N9=2,N10=1,N11=1,N12=2,N13=2,N14=2,N15=2,N16=1,N17=2"
"76","2","1","2","1","2","1","N1=1,N2=2,N3=1,N4=2,N5=1,N6=2,N7=2,N8=2,N9=1,N10=2,N11=1,N12=2,N13=1,N14=2,N15=1,N16=1,N17=1"
"76","2","1","2","1","2","1","N1=1,N2=2,N3=2,N4=1,N5=1,N6=2,N7=2,N8=2,N9=1,N10=2,N11=2,N12=1,N13=2,N14=1,N15=1,N16=1,N17=2"
"76","2","1","2","1","2","1","N1=1,N2=2,N3=1,N4=1,N5=1,N6=1,N7=2,N8=2,N9=1,N10=2,N11=2,N12=1,N13=1,N14=2,N15=1,N16=2,N17=2"
"76","2","1","2","1","2","1","N1=1,N2=2,N3=1,N4=2,N5=2,N6=2,N7=1,N8=2,N9=1,N10=1,N11=1,N12=1,N13=1,N14=1,N15=1,N16=1,N17=1"
"76","2","1","2","1","2","1","N1=1,N2=1,N3=1,N4=1,N5=1,N6=2,N7=2,N8=2,N9=1,N10=2,N11=1,N12=2,N13=1,N14=1,N15=2,N16=1,N17=2"
"76","2","1","2","1","2","1","N1=1,N2=1,N3=1,N4=1,N5=1,N6=2,N7=2,N8=2,N9=1,N10=2,N11=2,N12=1,N13=2,N14=1,N15=2,N16=1,N17=1"
"76","2","1","2","1","2","1","N1=1,N2=1,N3=1,N4=1,N5=1,N6=1,N7=2,N8=2,N9=2,N10=2,N11=2,N12=1,N13=1,N14=1,N15=2,N16=1,N17=1"
"77","2","1","2","2","2","1","N1=1,N2=2,N3=1,N4=1,N5=1,N6=2,N7=2,N8=1,N9=1,N10=2,N11=1,N12=1,N13=2,N14=1,N15=1,N16=1,N17=2"
"77","2","1","2","2","2","1","N1=1,N2=2,N3=1,N4=1,N5=1,N6=1,N7=2,N8=2,N9=1,N10=2,N11=1,N12=1,N13=2,N14=2,N15=1,N16=1,N17=2"
"77","2","1","2","2","2","1","N1=1,N2=2,N3=1,N4=2,N5=2,N6=2,N7=2,N8=2,N9=1,N10=2,N11=2,N12=1,N13=2,N14=2,N15=1,N16=1,N17=2"
"77","2","1","2","2","2","1","N1=1,N2=1,N3=1,N4=1,N5=2,N6=2,N7=2,N8=2,N9=2,N10=2,N11=1,N12=2,N13=2,N14=2,N15=1,N16=2,N17=2"
"77","2","1","2","2","2","1","N1=1,N2=2,N3=1,N4=1,N5=2,N6=1,N7=2,N8=2,N9=1,N10=2,N11=2,N12=1,N13=1,N14=2,N15=2,N16=1,N17=1"
"77","2","1","2","2","2","1","N1=1,N2=1,N3=1,N4=2,N5=2,N6=1,N7=1,N8=2,N9=1,N10=2,N11=1,N12=2,N13=1,N14=2,N15=2,N16=1,N17=2"
"77","2","1","2","2","2","1","N1=2,N2=1,N3=2,N4=2,N5=1,N6=1,N7=2,N8=1,N9=1,N10=2,N11=2,N12=1,N13=1,N14=2,N15=2,N16=1,N17=1"
"77","2","1","2","2","2","1","N1=1,N2=2,N3=1,N4=1,N5=2,N6=2,N7=1,N8=1,N9=2,N10=2,N11=1,N12=1,N13=2,N14=2,N15=2,N16=1,N17=1"
"77","2","1","2","2","2","1","N1=1,N2=1,N3=2,N4=2,N5=2,N6=1,N7=2,N8=1,N9=1,N10=2,N11=2,N12=1,N13=1,N14=1,N15=2,N16=1,N17=2"
"77","2","1","2","2","2","1","N1=1,N2=2,N3=1,N4=1,N5=1,N6=1,N7=2,N8=1,N9=2,N10=2,N11=2,N12=1,N13=2,N14=1,N15=1,N16=1,N17=2"
"78","2","1","2","1","1","1","N1=1,N2=2,N3=2,N4=1,N5=1,N6=2,N7=2,N8=1,N9=1,N10=1,N11=1,N12=2,N13=2,N14=1,N15=1,N16=2,N17=1"
"78","2","1","2","1","1","1","N1=1,N2=2,N3=1,N4=1,N5=1,N6=1,N7=2,N8=2,N9=1,N10=2,N11=1,N12=1,N13=2,N14=1,N15=1,N16=1,N17=2"
"78","2","1","2","1","1","1","N1=1,N2=2,N3=2,N4=2,N5=2,N6=2,N7=2,N8=1,N9=2,N10=2,N11=2,N12=1,N13=1,N14=1,N15=1,N16=1,N17=2"
"78","2","1","2","1","1","1","N1=1,N2=1,N3=2,N4=1,N5=2,N6=1,N7=2,N8=1,N9=1,N10=2,N11=2,N12=2,N13=2,N14=1,N15=2,N16=2,N17=1"
"78","2","1","2","1","1","1","N1=1,N2=2,N3=2,N4=2,N5=1,N6=1,N7=1,N8=2,N9=1,N10=2,N11=1,N12=1,N13=1,N14=2,N15=2,N16=2,N17=2"
"78","2","1","2","1","1","1","N1=1,N2=2,N3=1,N4=1,N5=2,N6=2,N7=2,N8=2,N9=2,N10=2,N11=1,N12=1,N13=2,N14=2,N15=2,N16=1,N17=1"
"78","2","1","2","1","1","1","N1=1,N2=1,N3=1,N4=1,N5=1,N6=2,N7=2,N8=2,N9=2,N10=2,N11=1,N12=1,N13=1,N14=2,N15=2,N16=2,N17=2"
"78","2","1","2","1","1","1","N1=1,N2=2,N3=2,N4=1,N5=1,N6=2,N7=2,N8=1,N9=2,N10=2,N11=1,N12=2,N13=2,N14=2,N15=1,N16=1,N17=2"
"78","2","1","2","1","1","1","N1=1,N2=2,N3=1,N4=1,N5=1,N6=2,N7=2,N8=2,N9=2,N10=2,N11=2,N12=2,N13=1,N14=2,N15=1,N16=1,N17=2"
"78","2","1","2","1","1","1","N1=1,N2=2,N3=2,N4=1,N5=2,N6=1,N7=2,N8=1,N9=2,N10=1,N11=2,N12=1,N13=1,N14=1,N15=1,N16=2,N17=1"
"79","2","2","1","1","2","2","N1=1,N2=1,N3=1,N4=1,N5=1,N6=2,N7=2,N8=1,N9=1,N10=1,N11=2,N12=2,N13=2,N14=2,N15=1,N16=2,N17=1"
"79","2","2","1","1","2","2","N1=2,N2=2,N3=2,N4=1,N5=1,N6=1,N7=2,N8=1,N9=1,N10=2,N11=1,N12=1,N13=2,N14=2,N15=1,N16=1,N17=1"
"79","2","2","1","1","2","2","N1=2,N2=2,N3=2,N4=2,N5=2,N6=1,N7=2,N8=1,N9=2,N10=2,N11=2,N12=2,N13=1,N14=1,N15=1,N16=1,N17=2"
"79","2","2","1","1","2","2","N1=1,N2=2,N3=1,N4=2,N5=1,N6=2,N7=2,N8=1,N9=2,N10=2,N11=1,N12=1,N13=2,N14=1,N15=2,N16=1,N17=2"
"79","2","2","1","1","2","2","N1=1,N2=2,N3=1,N4=1,N5=2,N6=1,N7=2,N8=1,N9=2,N10=1,N11=1,N12=1,N13=1,N14=1,N15=1,N16=1,N17=1"
"79","2","2","1","1","2","2","N1=1,N2=1,N3=2,N4=2,N5=1,N6=1,N7=1,N8=2,N9=1,N10=2,N11=1,N12=1,N13=1,N14=1,N15=1,N16=1,N17=2"
"79","2","2","1","1","2","2","N1=2,N2=2,N3=1,N4=1,N5=2,N6=2,N7=2,N8=2,N9=1,N10=2,N11=1,N12=2,N13=2,N14=2,N15=1,N16=1,N17=2"
"79","2","2","1","1","2","2","N1=1,N2=2,N3=2,N4=1,N5=1,N6=2,N7=2,N8=2,N9=2,N10=2,N11=2,N12=2,N13=2,N14=2,N15=1,N16=1,N17=1"
"79","2","2","1","1","2","2","N1=1,N2=2,N3=2,N4=1,N5=1,N6=2,N7=2,N8=2,N9=1,N10=2,N11=1,N12=2,N13=1,N14=1,N15=2,N16=1,N17=1"
"79","2","2","1","1","2","2","N1=1,N2=2,N3=1,N4=1,N5=1,N6=1,N7=2,N8=2,N9=1,N10=2,N11=1,N12=1,N13=1,N14=2,N15=2,N16=1,N17=1"
"80","2","1","1","1","2","1","N1=1,N2=1,N3=1,N4=1,N5=1,N6=1,N7=1,N8=1,N9=1,N10=1,N11=1,N12=2,N13=2,N14=2,N15=1,N16=1,N17=2"
"80","2","1","1","1","2","1","N1=1,N2=1,N3=1,N4=2,N5=1,N6=1,N7=1,N8=1,N9=2,N10=2,N11=2,N12=1,N13=2,N14=1,N15=2,N16=1,N17=2"
"80","2","1","1","1","2","1","N1=1,N2=1,N3=1,N4=2,N5=2,N6=2,N7=2,N8=1,N9=2,N10=2,N11=1,N12=2,N13=2,N14=1,N15=2,N16=2,N17=2"
"80","2","1","1","1","2","1","N1=2,N2=1,N3=1,N4=1,N5=1,N6=2,N7=2,N8=2,N9=1,N10=2,N11=1,N12=2,N13=1,N14=2,N15=2,N16=2,N17=2"
"80","2","1","1","1","2","1","N1=1,N2=2,N3=2,N4=1,N5=1,N6=1,N7=2,N8=2,N9=1,N10=2,N11=1,N12=2,N13=2,N14=2,N15=2,N16=1,N17=2"
"80","2","1","1","1","2","1","N1=1,N2=2,N3=2,N4=2,N5=2,N6=2,N7=2,N8=2,N9=1,N10=1,N11=1,N12=1,N13=2,N14=2,N15=2,N16=2,N17=1"
"80","2","1","1","1","2","1","N1=1,N2=1,N3=1,N4=1,N5=2,N6=1,N7=2,N8=2,N9=2,N10=2,N11=2,N12=1,N13=1,N14=2,N15=2,N16=1,N17=2"
"80","2","1","1","1","2","1","N1=1,N2=2,N3=2,N4=2,N5=1,N6=2,N7=2,N8=1,N9=1,N10=2,N11=2,N12=1,N13=2,N14=2,N15=2,N16=1,N17=2"
"80","2","1","1","1","2","1","N1=1,N2=2,N3=1,N4=1,N5=1,N6=2,N7=2,N8=2,N9=2,N10=1,N11=2,N12=2,N13=2,N14=2,N15=2,N16=1,N17=1"
"80","2","1","1","1","2","1","N1=1,N2=2,N3=1,N4=1,N5=1,N6=2,N7=2,N8=2,N9=2,N10=2,N11=1,N12=1,N13=1,N14=2,N15=1,N16=1,N17=1"
